Workbook

Sheet 1_raw_log
A1: txn_id | B1: txn_date_time | C1: branch_code | D1: product_code | E1: cust_id | F1: channel | G1: campaign_code | H1: currency | I1: amount_local | J1: sales_person_id | K1: status
A2: T00001 | B2: 45659.438 | C2: B01 | D2: P06 | E2: 55691590 | F2: Branch | H2: USD | I2: 602000 | J2: E105 | K2: Completed
A3: T00002 | B3: 45660.396 | C3: B01 | D3: P04 | E3: 1809923365 | F3: Branch | H3: HKD | I3: 484000 | J3: E101 | K3: Completed
A4: T00003 | B4: 45660.403 | C4: B02 | D4: P03 | E4: 0057825472 | F4: Branch | H4: HKD | I4: 874000 | J4: E104 | K4: Completed
A5: T00004 | B5: 45660.444 | C5: B03 | D5: P04 | E5: 7667641457 | F5: Mobile App | H5: USD | I5: 46000 | K5: Completed
A6: T00005 | B6: 45660.719 | C6: B03 | D6: P02 | E6: 8383656346 | F6: Phone Banking | H6: USD | I6: 39000 | J6: E109 | K6: Completed
A7: T00006 | B7: 45660.722 | C7: B01 | D7: P07 | E7: 4100023781 | F7: Phone Banking | H7: USD | I7: 213000 | J7: E108 | K7: Completed
A8: T00007 | B8: 45660.826 | C8: B03 | D8: P02 | E8: 2751672943 | F8: Mobile App | H8: USD | I8: 197000 | K8: Completed
A9: T00008 | B9: 45663.427 | C9: B01 | D9: P01 | E9: 4100023781 | F9: Branch | H9: USD | I9: 25000 | J9: E101 | K9: Completed
A10: T00009 | B10: 45663.472 | C10: B05 | D10: P04 | E10: 5637223790 | F10: Branch | H10: USD | I10: 32000 | J10: E107 | K10: Completed
A11: T00010 | B11: 45663.583 | C11: B02 | D11: P02 | E11: 53083943 | F11: Branch | H11: USD | I11: 87000 | J11: E103 | K11: Completed
A12: T00011 | B12: 45663.611 | C12: B02 | D12: P04 | E12: 8523286479 | F12: Branch | H12: HKD | I12: 437000 | J12: E103 | K12: Completed
A13: T00012 | B13: 45663.674 | C13: B01 | D13: P06 | E13: 3179016710 | F13: Branch | H13: HKD | I13: 577000 | J13: E101 | K13: Cancelled
A14: T00013 | B14: 45664.438 | C14: B02 | D14: P04 | E14: 4256229846 | F14: Mobile App | H14: USD | I14: 18000 | K14: Cancelled
A15: T00014 | B15: 45664.59 | C15: B02 | D15: P02 | E15: 0086890319 | F15: Branch | H15: HKD | I15: 304000 | J15: E104 | K15: Completed
A16: T00015 | B16: 45664.92 | C16: B02 | D16: P01 | E16: 2531925273 | F16: Mobile App | H16: CNY | I16: 136000 | K16: Completed
A17: T00016 | B17: 45665.392 | C17: B03 | D17: P07 | E17: 8585205808 | F17: Branch | H17: USD | I17: 65000 | J17: E109 | K17: Completed
A18: T00017 | B18: 45665.604 | C18: B02 | D18: P04 | E18: 2277513075 | F18: Phone Banking | H18: HKD | I18: 788000 | J18: E103 | K18: Completed
A19: T00018 | B19: 45666.49 | C19: B01 | D19: P03 | E19: 0017404366 | F19: Branch | H19: USD | I19: 41000 | J19: E108 | K19: Completed
A20: T00019 | B20: 45666.545 | C20: B02 | D20: P03 | E20: 2531925273 | F20: Branch | H20: USD | I20: 109000 | J20: E103 | K20: Completed
A21: T00020 | B21: 45666.573 | C21: B03 | D21: P07 | E21: 7569827088 | F21: Phone Banking | H21: USD | I21: 171000 | J21: E109 | K21: Completed
A22: T00021 | B22: 45666.58 | C22: B02 | D22: P08 | E22: 4085391267 | F22: Branch | H22: HKD | I22: 998000 | J22: E103 | K22: Completed
A23: T00022 | B23: 45666.611 | C23: B05 | D23: P03 | E23: 45128803 | F23: Mobile App | H23: HKD | I23: 80000 | J23: E107 | K23: Completed
A24: T00023 | B24: 45666.642 | C24: B03 | D24: P08 | E24: 8487706006 | F24: Branch | H24: HKD | I24: 211000 | J24: E103 | K24: Completed
A25: T00024 | B25: 45666.681 | C25: B02 | D25: P08 | E25: 1272232039 | F25: Mobile App | H25: HKD | I25: 4797000 | K25: Completed
A26: T00025 | B26: 45667.385 | C26: B01 | D26: P02 | E26: 4309083358 | F26: Branch | H26: USD | I26: 70000 | J26: E14 | K26: Completed
A27: T00026 | B27: 45667.472 | C27: B02 | D27: P08 | E27: 8355315526 | F27: Mobile App | H27: USD | I27: 185000 | J27: E104 | K27: Completed
A28: T00027 | B28: 45670.688 | C28: B02 | D28: P04 | E28: 1272232039 | F28: Branch | H28: HKD | I28: 1997000 | J28: E104 | K28: Completed
A29: T00028 | B29: 45670.688 | C29: B03 | D29: P03 | E29: 8585205808 | F29: Branch | H29: HKD | I29: 148000 | J29: E105 | K29: Completed
A30: T00029 | B30: 45670.74 | C30: B02 | D30: P05 | E30: 53083943 | F30: Branch | H30: USD | I30: 23000 | J30: E104 | K30: Completed
A31: T00030 | B31: 45671.538 | C31: B02 | D31: P02 | E31: 3207719945 | F31: Phone Banking | H31: USD | I31: 225000 | J31: e104 | K31: Cancelled
A32: T00031 | B32: 45671.656 | C32: B02 | D32: P02 | E32: 8355315526 | F32: Phone Banking | H32: USD | I32: 16000 | J32: E104 | K32: Completed
A33: T00032 | B33: 45672.726 | C33: B01 | D33: P06 | E33: 4387664751 | F33: Mobile App | G33: CMP-CNY25 | H33: USD | I33: 35000 | K33: Completed
A34: T00033 | B34: 45673.403 | C34: B03 | D34: P06 | E34: 8487706006 | F34: Phone Banking | G34: CMP-CNY25 | H34: USD | I34: 763000 | J34: E109 | K34: Completed
A35: T00034 | B35: 45673.462 | C35: B01 | D35: P07 | E35: 17885621 | F35: Branch | G35: CMP-CNY25 | H35: USD | I35: 75000 | J35: E101 | K35: Completed
A36: T00035 | B36: 45673.469 | C36: B01 | D36: P02 | E36: 0032025226 | F36: Branch | H36: USD | I36: 61000 | J36: E101 | K36: Completed
A37: T00036 | B37: 45673.594 | C37: B02 | D37: P03 | E37: 0044509861 | F37: Phone Banking | G37: CMP-CNY25 | H37: HKD | I37: 2223000 | J37: E1033 | K37: Completed
A38: T00037 | B38: 45674.597 | C38: B01 | D38: P08 | E38: 55245666 | F38: Mobile App | G38: CMP-CNY25 | H38: HKD | I38: 1349000 | K38: Completed
A39: T00038 | B39: 45674.691 | C39: B05 | D39: P04 | E39: 5637223790 | F39: Mobile App | H39: USD | I39: 23000 | J39: E110 | K39: Completed
A40: T00039 | B40: 45674.771 | C40: B02 | D40: P01 | E40: 4206911990 | F40: Mobile App | G40: CMP-CNY25 | H40: USD | I40: 113000 | K40: Completed
A41: T00040 | B41: 45675.642 | C41: B01 | D41: P06 | E41: 0032025226 | F41: Phone Banking | H41: USD | I41: 246000 | K41: Completed
A42: T00041 | B42: 45676.33 | C42: B02 | D42: P07 | E42: 4206911990 | F42: Phone Banking | G42: CMP-CNY25 | H42: HKD | I42: 1810000 | K42: Cancelled
A43: T00042 | B43: 45677.382 | C43: B01 | D43: P04 | E43: 0097309879 | F43: Branch | H43: HKD | I43: 788000 | J43: E108 | K43: Completed
A44: T00043 | B44: 45677.427 | C44: B02 | D44: P03 | E44: 1369982817 | F44: Phone Banking | G44: CMP-CNY25 | H44: USD | I44: 31000 | J44: E103 | K44: Completed
A45: T00044 | B45: 45677.462 | C45: B02 | D45: P05 | E45: 3207719945 | F45: Branch | G45: CMP-CNY25 | H45: USD | I45: 150000 | J45: E104 | K45: Completed
A46: T00045 | B46: 45677.497 | C46: B02 | D46: P07 | E46: 2277513075 | F46: Mobile App | H46: USD | I46: 146000 | J46: E103 | K46: Completed
A47: T00046 | B47: 45677.556 | C47: B02 | D47: P02 | E47: 5138950247 | F47: Branch | G47: CMP-CNY25 | H47: USD | I47: 214000 | J47: E13 | K47: Completed
A48: T00047 | B48: 45677.646 | C48: B03 | D48: P03 | E48: 6130984472 | F48: Branch | G48: CMP-CNY25 | H48: CNY | I48: 83000 | J48: E105 | K48: Completed
A49: T00048 | B49: 45678.493 | C49: B02 | D49: P08 | E49: 3207719945 | F49: Mobile App | H49: USD | I49: 100000 | K49: Completed
A50: T00049 | B50: 45678.51 | C50: B03 | D50: P07 | E50: 7667641457 | F50: Branch | G50: CMP-CNY25 | H50: USD | I50: 43000 | J50: e102 | K50: Completed
A51: T00050 | B51: 45678.528 | C51: B01 | D51: P07 | E51: 1345733448 | F51: Phone Banking | G51: CMP-CNY25 | H51: USD | I51: 310000 | J51: E102 | K51: Completed
A52: T00051 | B52: 45678.576 | C52: B02 | D52: P01 | E52: 4085391267 | F52: Branch | G52: CMP-CNY25 | H52: USD | I52: 159000 | J52: E104 | K52: Completed
A53: T00052 | B53: 45678.649 | C53: B03 | D53: P02 | E53: 1777759401 | F53: Phone Banking | G53: CMP-CNY25 | H53: USD | I53: 18000 | J53: E109 | K53: Cancelled
A54: T00053 | B54: 45678.656 | C54: B02 | D54: P06 | E54: 4085391267 | F54: Branch | H54: HKD | I54: 655000 | J54: E104 | K54: Completed
A55: T00054 | B55: 45678.674 | C55: B02 | D55: P06 | E55: 0044509861 | F55: Branch | G55: CMP-CNY25 | H55: CNY | I55: 6468000 | J55: E104 | K55: Completed
A56: T00055 | B56: 45679.514 | C56: B02 | D56: P07 | E56: 8355315526 | F56: Phone Banking | H56: USD | I56: 173000 | J56: E104 | K56: Completed
A57: T00056 | B57: 45679.517 | C57: B02 | D57: P06 | E57: 4085391267 | F57: Phone Banking | G57: CMP-CNY25 | H57: HKD | I57: 3557000 | J57: E140 | K57: Completed
A58: T00057 | B58: 45679.642 | C58: B01 | D58: P07 | E58: 71204459 | F58: Branch | H58: USD | I58: 431000 | J58: E111 | K58: Completed
A59: T00058 | B59: 45680.507 | C59: B02 | D59: P06 | E59: 2277513075 | F59: Phone Banking | G59: CMP-CNY25 | H59: HKD | I59: 1856000 | J59: E1O3 | K59: Completed
A60: T00059 | B60: 45680.556 | C60: B02 | D60: P06 | E60: 9448071998 | F60: Mobile App | G60: CMP-CNY25 | H60: USD | I60: 108000 | K60: Completed
A61: T00060 | B61: 45680.677 | C61: B01 | D61: P01 | E61: 3179016710 | F61: Mobile App | G61: CMP-CNY25 | H61: CNY | I61: 128000 | K61: Completed
A62: T00061 | B62: 45680.722 | C62: B01 | D62: P03 | E62: 3694833017 | F62: Branch | G62: CMP-CNY25 | H62: HKD | I62: 320000 | J62: E108 | K62: Completed
A63: T00062 | B63: 45681.378 | C63: B02 | D63: P03 | E63: 9448071998 | F63: Branch | H63: USD | I63: 25000 | J63: e103 | K63: Completed
A64: T00063 | B64: 45681.392 | C64: B01 | D64: P02 | E64: 0032025226 | F64: Mobile App | G64: CMP-CNY25 | H64: HKD | I64: 78000 | K64: Completed
A65: T00064 | B65: 45681.399 | C65: B01 | D65: P01 | E65: 5910720333 | F65: Phone Banking | G65: CMP-CNY25 | H65: USD | I65: 84000 | J65: E108 | K65: Completed
A66: T00065 | B66: 45681.573 | C66: B03 | D66: P03 | E66: 8585205808 | F66: Mobile App | G66: CMP-CNY25 | H66: USD | I66: 11000 | J66: E109 | K66: Completed
A67: T00066 | B67: 45681.677 | C67: B01 | D67: P08 | E67: 3179016710 | F67: Phone Banking | G67: CMP-CNY25 | H67: USD | I67: 40000 | J67: E101 | K67: Completed
A68: T00067 | B68: 45681.681 | C68: B01 | D68: P02 | E68: 98231104 | F68: Phone Banking | G68: CMP-CNY25 | H68: USD | I68: 18000 | J68: E102 | K68: Completed
A69: T00068 | B69: 45682.872 | C69: B02 | D69: P06 | E69: 0057825472 | F69: Mobile App | H69: USD | I69: 67000 | K69: Completed
A70: T00069 | B70: 45684.413 | C70: B03 | D70: P02 | E70: 8383656346 | F70: Phone Banking | H70: USD | I70: 18000 | J70: E105 | K70: Completed
A71: T00070 | B71: 45684.639 | C71: B01 | D71: P07 | E71: 4100023781 | F71: Phone Banking | H71: USD | I71: 107000 | J71: E108 | K71: Completed
A72: T00071 | B72: 45684.726 | C72: B01 | D72: P01 | E72: 5185642036 | F72: Branch | H72: USD | I72: 78000 | J72: E108 | K72: Completed
A73: T00072 | B73: 45684.76 | C73: B03 | D73: P07 | E73: 5512098834 | F73: Mobile App | G73: CMP-CNY25 | H73: HKD | I73: 593000 | K73: Completed
A74: T00073 | B74: 45684.812 | C74: B01 | D74: P06 | E74: 7186063045 | F74: Mobile App | H74: HKD | I74: 2816000 | K74: Completed
A75: T00074 | B75: 45685.486 | C75: B03 | D75: P07 | E75: 5505973626 | F75: Branch | G75: CMP-CNY25 | H75: USD | I75: 97000 | J75: E109 | K75: Completed
A76: T00075 | B76: 45685.559 | C76: B03 | D76: P07 | E76: 8585205808 | F76: Mobile App | G76: CMP-CNY25 | H76: HKD | I76: 554000 | J76: E105 | K76: Completed
A77: T00076 | B77: 45685.712 | C77: B02 | D77: P04 | E77: 2277513075 | F77: Branch | H77: USD | I77: 82000 | J77: E103 | K77: Completed
A78: T00077 | B78: 45686.413 | C78: B02 | D78: P07 | E78: 0044509861 | F78: Branch | G78: CMP-CNY25 | H78: USD | I78: 481000 | J78: E104 | K78: Completed
A79: T00078 | B79: 45686.569 | C79: B01 | D79: P03 | E79: 4100023781 | F79: Phone Banking | G79: CMP-CNY25 | H79: HKD | I79: 780000 | J79: E101 | K79: Completed
A80: T00079 | B80: 45686.681 | C80: B03 | D80: P06 | E80: 0056294337 | F80: Mobile App | G80: CMP-CNY25 | H80: USD | I80: 246000 | J80: E103 | K80: Cancelled
A81: T00080 | B81: 45686.712 | C81: B01 | D81: P02 | E81: 2639172015 | F81: Branch | G81: CMP-CNY25 | H81: USD | I81: 65000 | J81: E111 | K81: Completed
A82: T00081 | B82: 45687.903 | C82: B03 | D82: P07 | E82: 6429278715 | F82: Mobile App | G82: CMP-CNY25 | H82: USD | I82: 117000 | K82: Completed
A83: T00082 | B83: 45688.438 | C83: B03 | D83: P04 | E83: 8871289681 | F83: Mobile App | H83: HKD | I83: 257000 | K83: Completed
A84: T00083 | B84: 45688.535 | C84: B02 | D84: P08 | E84: 2531925273 | F84: Branch | G84: CMP-CNY25 | H84: USD | I84: 180000 | J84: E103 | K84: Completed
A85: T00084 | B85: 45688.549 | C85: B02 | D85: P02 | E85: 0057619105 | F85: Branch | G85: CMP-CNY25 | H85: HKD | I85: 242000 | J85: E103 | K85: Completed
A86: T00085 | B86: 45688.698 | C86: B01 | D86: P04 | E86: 8964346572 | F86: Branch | G86: CMP-CNY25 | H86: HKD | I86: 1131000 | J86: E102 | K86: Completed
A87: T00086 | B87: 45691.292 | C87: B03 | D87: P06 | E87: 8871289681 | F87: Mobile App | G87: CMP-CNY25 | H87: CNY | I87: 1781000 | K87: Completed
A88: T00087 | B88: 45691.41 | C88: B03 | D88: P06 | E88: 5512098834 | F88: Mobile App | G88: CMP-CNY25 | H88: HKD | I88: 120000 | K88: Completed
A89: T00088 | B89: 45691.708 | C89: B02 | D89: P02 | E89: 0086890319 | F89: Branch | G89: CMP-CNY25 | H89: HKD | I89: 47000 | J89: E104 | K89: Completed
A90: T00089 | B90: 45692.465 | C90: B02 | D90: P04 | E90: 8523286479 | F90: Branch | G90: CMP-CNY25 | H90: USD | I90: 145000 | J90: E103 | K90: Completed
A91: T00090 | B91: 45692.51 | C91: B02 | D91: P08 | E91: 8355315526 | F91: Branch | G91: CMP-CNY25 | H91: USD | I91: 181000 | J91: E104 | K91: Completed
A92: T00091 | B92: 45692.531 | C92: B01 | D92: P01 | E92: 2639172015 | F92: Branch | H92: HKD | I92: 1825000 | J92: E110 | K92: Completed
A93: T00092 | B93: 45692.552 | C93: B02 | D93: P02 | E93: 4085391267 | F93: Mobile App | G93: CMP-CNY25 | H93: USD | I93: 283000 | J93: E103 | K93: Completed
A94: T00093 | B94: 45692.635 | C94: B02 | D94: P07 | E94: 4206911990 | F94: Phone Banking | G94: CMP-CNY25 | H94: HKD | I94: 1303000 | J94: E104 | K94: Cancelled
A95: T00094 | B95: 45692.649 | C95: B05 | D95: P05 | E95: 1842303686 | F95: Phone Banking | G95: CMP-CNY25 | H95: USD | I95: 74000 | J95: E107 | K95: Completed
A96: T00095 | B96: 45692.806 | C96: B02 | D96: P02 | E96: 1272232039 | F96: Mobile App | G96: CMP-CNY25 | H96: HKD | I96: 952000 | K96: Completed
A97: T00096 | B97: 45693.486 | C97: B01 | D97: P06 | E97: 4100023781 | F97: Mobile App | H97: HKD | I97: 2660000 | K97: Completed
A98: T00097 | B98: 45693.59 | C98: B01 | D98: P07 | E98: 4309083358 | F98: Branch | H98: HKD | I98: 1022000 | J98: E102 | K98: Completed
A99: T00098 | B99: 45693.698 | C99: B01 | D99: P02 | E99: 98231104 | F99: Branch | G99: CMP-CNY25 | H99: HKD | I99: 281000 | J99: E108 | K99: Completed
A100: T00099 | B100: 45694.417 | C100: B02 | D100: P08 | E100: 7745016628 | F100: Mobile App | G100: CMP-CNY25 | H100: HKD | I100: 4314000 | J100: E103 | K100: Completed
...

Sheet 2_enriched_log
A1: txn_id | B1: txn_date_time | C1: branch_code | D1: product_code | E1: cust_id | F1: channel | G1: campaign_code | H1: currency | I1: amount_local | J1: sales_person_id | K1: status | L1: txn_date | M1: txn_time | N1: year | O1: quarter | P1: month | Q1: iso_week | R1: weekday | S1: day_part | T1: branch_code_std | U1: branch_info_since | V1: branch_name | W1: region | X1: branch_status | Y1: product_code_std | Z1: product_name | AA1: product_category | AB1: product_risk_level | AC1: fee_rate | AD1: cust_id_std | AE1: cust_name | AF1: cust_dob | AG1: cust_age_at_sale | AH1: cust_gender | AI1: cust_info_since | AJ1: cust_segment | AK1: cust_risk_profile | AL1: currency_std | AM1: fx_rate_date | AN1: fx_rate_to_hkd | AO1: amount_hkd | AP1: sales_person_id_std | AQ1: sales_person_check | AR1: sales_person_id_corrected | AS1: sales_person_name
A2: =IF(ISBLANK('1_raw_log'!A2),"",'1_raw_log'!A2) | B2: =IF(ISBLANK('1_raw_log'!B2),"",'1_raw_log'!B2) | C2: =IF(ISBLANK('1_raw_log'!C2),"",'1_raw_log'!C2) | D2: =IF(ISBLANK('1_raw_log'!D2),"",'1_raw_log'!D2) | E2: =IF(ISBLANK('1_raw_log'!E2),"",'1_raw_log'!E2) | F2: =IF(ISBLANK('1_raw_log'!F2),"",'1_raw_log'!F2) | G2: =IF(ISBLANK('1_raw_log'!G2),"",'1_raw_log'!G2) | H2: =IF(ISBLANK('1_raw_log'!H2),"",'1_raw_log'!H2) | ... K2: =IF(ISBLANK('1_raw_log'!K2),"",'1_raw_log'!K2) | L2: =INT(B2) | M2: =ROUND(MOD(B2,1)*1440,0)/1440 | N2: =IFERROR(INDEX('3_ref_date'!$B:$B,MATCH(L2,'3_ref_date'!$A:$A,0)),"NOT FOUND") | O2: =IFERROR(INDEX('3_ref_date'!$C:$C,MATCH(L2,'3_ref_date'!$A:$A,0)),"NOT FOUND") | P2: =IFERROR(INDEX('3_ref_date'!$D:$D,MATCH(L2,'3_ref_date'!$A:$A,0)),"NOT FOUND") | Q2: =IFERROR(INDEX('3_ref_date'!$E:$E,MATCH(L2,'3_ref_date'!$A:$A,0)),"NOT FOUND") | R2: =IFERROR(INDEX('3_ref_date'!$F:$F,MATCH(L2,'3_ref_date'!$A:$A,0)),"NOT FOUND") | S2: =IFERROR(INDEX('4_ref_time'!$D:$D,MATCH(ROUND(M2*1440,0),'4_ref_time'!$A:$A,0)),"NOT FOUND") | T2: =UPPER(TRIM(C2)) | U2: =IF(_xlfn.MAXIFS('6_3nf_branch_history'!$B$2:$B$50,'6_3nf_branch_history'!$A$2:$A$50,T2,'6_3nf_branch_history'!$B$2:$B$50,"<="&L2)=0,"NOT FOUND",_xlfn.MAXIFS('6_3nf_branch_history'!$B$2:$B$50,'6_3nf_branch_history'!$A$2:$A$50,T2,'6_3nf_branch_history'!$B$2:$B$50,"<="&L2)) | V2: =IF(U2="NOT FOUND","NOT FOUND",INDEX('6_3nf_branch_history'!$C:$C,SUMPRODUCT(('6_3nf_branch_history'!$A$2:$A$50=T2)*('6_3nf_branch_history'!$B$2:$B$50=U2)*ROW('6_3nf_branch_history'!$A$2:$A$50)))) | W2: =IF(U2="NOT FOUND","NOT FOUND",INDEX('6_3nf_branch_history'!$D:$D,SUMPRODUCT(('6_3nf_branch_history'!$A$2:$A$50=T2)*('6_3nf_branch_history'!$B$2:$B$50=U2)*ROW('6_3nf_branch_history'!$A$2:$A$50)))) | X2: =IF(U2="NOT FOUND","NOT FOUND",INDEX('6_3nf_branch_history'!$E:$E,SUMPRODUCT(('6_3nf_branch_history'!$A$2:$A$50=T2)*('6_3nf_branch_history'!$B$2:$B$50=U2)*ROW('6_3nf_branch_history'!$A$2:$A$50)))) | Y2: =UPPER(TRIM(D2)) | Z2: =IFERROR(INDEX('7_3nf_product'!$B:$B,MATCH(Y2,'7_3nf_product'!$A:$A,0)),"NOT FOUND") | AA2: =IFERROR(INDEX('7_3nf_product'!$C:$C,MATCH(Y2,'7_3nf_product'!$A:$A,0)),"NOT FOUND") | AB2: =IFERROR(INDEX('7_3nf_product'!$D:$D,MATCH(Y2,'7_3nf_product'!$A:$A,0)),"NOT FOUND") | AC2: =IFERROR(INDEX('7_3nf_product'!$E:$E,MATCH(Y2,'7_3nf_product'!$A:$A,0)),"NOT FOUND") | AD2: =IF(LEN(TRIM(E2))=10,TRIM(E2),IF(LEN(TRIM(E2))=8,"00"&TRIM(E2),"CHECK")) | AE2: =IFERROR(INDEX('8_3nf_customer'!$C:$C,MATCH(AD2,'8_3nf_customer'!$B:$B,0)),"NOT FOUND") | AF2: =IFERROR(INDEX('8_3nf_customer'!$D:$D,MATCH(AD2,'8_3nf_customer'!$B:$B,0)),"NOT FOUND") | AG2: =IF(ISNUMBER(AF2),DATEDIF(AF2,L2,"y"),"NOT FOUND") | AH2: =IFERROR(INDEX('8_3nf_customer'!$E:$E,MATCH(AD2,'8_3nf_customer'!$B:$B,0)),"NOT FOUND") | AI2: =IF(_xlfn.MAXIFS('9_3nf_customer_history'!$B$2:$B$500,'9_3nf_customer_history'!$A$2:$A$500,AD2,'9_3nf_customer_history'!$B$2:$B$500,"<="&L2)=0,"NOT FOUND",_xlfn.MAXIFS('9_3nf_customer_history'!$B$2:$B$500,'9_3nf_customer_history'!$A$2:$A$500,AD2,'9_3nf_customer_history'!$B$2:$B$500,"<="&L2)) | AJ2: =IF(AI2="NOT FOUND","NOT FOUND",INDEX('9_3nf_customer_history'!$C:$C,SUMPRODUCT(('9_3nf_customer_history'!$A$2:$A$500=AD2)*('9_3nf_customer_history'!$B$2:$B$500=AI2)*ROW('9_3nf_customer_history'!$A$2:$A$500)))) | AK2: =IF(AI2="NOT FOUND","NOT FOUND",INDEX('9_3nf_customer_history'!$D:$D,SUMPRODUCT(('9_3nf_customer_history'!$A$2:$A$500=AD2)*('9_3nf_customer_history'!$B$2:$B$500=AI2)*ROW('9_3nf_customer_history'!$A$2:$A$500)))) | AL2: =UPPER(TRIM(H2)) | AM2: =IF(_xlfn.MAXIFS('10_ref_fx_rate'!$B$2:$B$2000,'10_ref_fx_rate'!$A$2:$A$2000,AL2,'10_ref_fx_rate'!$B$2:$B$2000,"<="&L2)=0,"NOT FOUND",_xlfn.MAXIFS('10_ref_fx_rate'!$B$2:$B$2000,'10_ref_fx_rate'!$A$2:$A$2000,AL2,'10_ref_fx_rate'!$B$2:$B$2000,"<="&L2)) | AN2: =IF(AM2="NOT FOUND","NOT FOUND",SUMIFS('10_ref_fx_rate'!$D$2:$D$2000,'10_ref_fx_rate'!$A$2:$A$2000,AL2,'10_ref_fx_rate'!$B$2:$B$2000,AM2)) | AO2: =IF(ISNUMBER(AN2),I2*AN2,"NOT FOUND") | AP2: =UPPER(TRIM(J2)) | AQ2: =IF(AP2="","SELF-DIRECTED",IF(ISNUMBER(MATCH(AP2,'11_3nf_sales_person'!$A:$A,0)),IF(EXACT(AP2,J2),"OK","OK (auto-fixed)"),IF(ISNA(MATCH($A2,'12_sales_person_confirmation'!$A:$A,0)),"CONFIRM (not logged)",IF(INDEX('12_sales_person_confirmation'!$I:$I,MATCH($A2,'12_sales_person_confirmation'!$A:$A,0))="CONFIRMED","CONFIRMED ("&LOWER(INDEX('12_sales_person_confirmation'!$E:$E,MATCH($A2,'12_sales_person_confirmation'!$A:$A,0)))&")","PENDING CONFIRM")))) | AR2: =IF(OR(AQ2="OK",AQ2="OK (auto-fixed)"),AP2,IF(LEFT(AQ2,9)="CONFIRMED",INDEX('12_sales_person_confirmation'!$F:$F,MATCH($A2,'12_sales_person_confirmation'!$A:$A,0)),"")) | AS2: =IF(AR2="","",INDEX('11_3nf_sales_person'!$B:$B,MATCH(AR2,'11_3nf_sales_person'!$A:$A,0)))
A3: =IF(ISBLANK('1_raw_log'!A3),"",'1_raw_log'!A3) | B3: =IF(ISBLANK('1_raw_log'!B3),"",'1_raw_log'!B3) | C3: =IF(ISBLANK('1_raw_log'!C3),"",'1_raw_log'!C3) | D3: =IF(ISBLANK('1_raw_log'!D3),"",'1_raw_log'!D3) | E3: =IF(ISBLANK('1_raw_log'!E3),"",'1_raw_log'!E3) | F3: =IF(ISBLANK('1_raw_log'!F3),"",'1_raw_log'!F3) | G3: =IF(ISBLANK('1_raw_log'!G3),"",'1_raw_log'!G3) | H3: =IF(ISBLANK('1_raw_log'!H3),"",'1_raw_log'!H3) | ... K3: =IF(ISBLANK('1_raw_log'!K3),"",'1_raw_log'!K3) | L3: =INT(B3) | M3: =ROUND(MOD(B3,1)*1440,0)/1440 | N3: =IFERROR(INDEX('3_ref_date'!$B:$B,MATCH(L3,'3_ref_date'!$A:$A,0)),"NOT FOUND") | O3: =IFERROR(INDEX('3_ref_date'!$C:$C,MATCH(L3,'3_ref_date'!$A:$A,0)),"NOT FOUND") | P3: =IFERROR(INDEX('3_ref_date'!$D:$D,MATCH(L3,'3_ref_date'!$A:$A,0)),"NOT FOUND") | Q3: =IFERROR(INDEX('3_ref_date'!$E:$E,MATCH(L3,'3_ref_date'!$A:$A,0)),"NOT FOUND") | R3: =IFERROR(INDEX('3_ref_date'!$F:$F,MATCH(L3,'3_ref_date'!$A:$A,0)),"NOT FOUND") | S3: =IFERROR(INDEX('4_ref_time'!$D:$D,MATCH(ROUND(M3*1440,0),'4_ref_time'!$A:$A,0)),"NOT FOUND") | T3: =UPPER(TRIM(C3)) | U3: =IF(_xlfn.MAXIFS('6_3nf_branch_history'!$B$2:$B$50,'6_3nf_branch_history'!$A$2:$A$50,T3,'6_3nf_branch_history'!$B$2:$B$50,"<="&L3)=0,"NOT FOUND",_xlfn.MAXIFS('6_3nf_branch_history'!$B$2:$B$50,'6_3nf_branch_history'!$A$2:$A$50,T3,'6_3nf_branch_history'!$B$2:$B$50,"<="&L3)) | V3: =IF(U3="NOT FOUND","NOT FOUND",INDEX('6_3nf_branch_history'!$C:$C,SUMPRODUCT(('6_3nf_branch_history'!$A$2:$A$50=T3)*('6_3nf_branch_history'!$B$2:$B$50=U3)*ROW('6_3nf_branch_history'!$A$2:$A$50)))) | W3: =IF(U3="NOT FOUND","NOT FOUND",INDEX('6_3nf_branch_history'!$D:$D,SUMPRODUCT(('6_3nf_branch_history'!$A$2:$A$50=T3)*('6_3nf_branch_history'!$B$2:$B$50=U3)*ROW('6_3nf_branch_history'!$A$2:$A$50)))) | X3: =IF(U3="NOT FOUND","NOT FOUND",INDEX('6_3nf_branch_history'!$E:$E,SUMPRODUCT(('6_3nf_branch_history'!$A$2:$A$50=T3)*('6_3nf_branch_history'!$B$2:$B$50=U3)*ROW('6_3nf_branch_history'!$A$2:$A$50)))) | Y3: =UPPER(TRIM(D3)) | Z3: =IFERROR(INDEX('7_3nf_product'!$B:$B,MATCH(Y3,'7_3nf_product'!$A:$A,0)),"NOT FOUND") | AA3: =IFERROR(INDEX('7_3nf_product'!$C:$C,MATCH(Y3,'7_3nf_product'!$A:$A,0)),"NOT FOUND") | AB3: =IFERROR(INDEX('7_3nf_product'!$D:$D,MATCH(Y3,'7_3nf_product'!$A:$A,0)),"NOT FOUND") | AC3: =IFERROR(INDEX('7_3nf_product'!$E:$E,MATCH(Y3,'7_3nf_product'!$A:$A,0)),"NOT FOUND") | AD3: =IF(LEN(TRIM(E3))=10,TRIM(E3),IF(LEN(TRIM(E3))=8,"00"&TRIM(E3),"CHECK")) | AE3: =IFERROR(INDEX('8_3nf_customer'!$C:$C,MATCH(AD3,'8_3nf_customer'!$B:$B,0)),"NOT FOUND") | AF3: =IFERROR(INDEX('8_3nf_customer'!$D:$D,MATCH(AD3,'8_3nf_customer'!$B:$B,0)),"NOT FOUND") | AG3: =IF(ISNUMBER(AF3),DATEDIF(AF3,L3,"y"),"NOT FOUND") | AH3: =IFERROR(INDEX('8_3nf_customer'!$E:$E,MATCH(AD3,'8_3nf_customer'!$B:$B,0)),"NOT FOUND") | AI3: =IF(_xlfn.MAXIFS('9_3nf_customer_history'!$B$2:$B$500,'9_3nf_customer_history'!$A$2:$A$500,AD3,'9_3nf_customer_history'!$B$2:$B$500,"<="&L3)=0,"NOT FOUND",_xlfn.MAXIFS('9_3nf_customer_history'!$B$2:$B$500,'9_3nf_customer_history'!$A$2:$A$500,AD3,'9_3nf_customer_history'!$B$2:$B$500,"<="&L3)) | AJ3: =IF(AI3="NOT FOUND","NOT FOUND",INDEX('9_3nf_customer_history'!$C:$C,SUMPRODUCT(('9_3nf_customer_history'!$A$2:$A$500=AD3)*('9_3nf_customer_history'!$B$2:$B$500=AI3)*ROW('9_3nf_customer_history'!$A$2:$A$500)))) | AK3: =IF(AI3="NOT FOUND","NOT FOUND",INDEX('9_3nf_customer_history'!$D:$D,SUMPRODUCT(('9_3nf_customer_history'!$A$2:$A$500=AD3)*('9_3nf_customer_history'!$B$2:$B$500=AI3)*ROW('9_3nf_customer_history'!$A$2:$A$500)))) | AL3: =UPPER(TRIM(H3)) | AM3: =IF(_xlfn.MAXIFS('10_ref_fx_rate'!$B$2:$B$2000,'10_ref_fx_rate'!$A$2:$A$2000,AL3,'10_ref_fx_rate'!$B$2:$B$2000,"<="&L3)=0,"NOT FOUND",_xlfn.MAXIFS('10_ref_fx_rate'!$B$2:$B$2000,'10_ref_fx_rate'!$A$2:$A$2000,AL3,'10_ref_fx_rate'!$B$2:$B$2000,"<="&L3)) | AN3: =IF(AM3="NOT FOUND","NOT FOUND",SUMIFS('10_ref_fx_rate'!$D$2:$D$2000,'10_ref_fx_rate'!$A$2:$A$2000,AL3,'10_ref_fx_rate'!$B$2:$B$2000,AM3)) | AO3: =IF(ISNUMBER(AN3),I3*AN3,"NOT FOUND") | AP3: =UPPER(TRIM(J3)) | AQ3: =IF(AP3="","SELF-DIRECTED",IF(ISNUMBER(MATCH(AP3,'11_3nf_sales_person'!$A:$A,0)),IF(EXACT(AP3,J3),"OK","OK (auto-fixed)"),IF(ISNA(MATCH($A3,'12_sales_person_confirmation'!$A:$A,0)),"CONFIRM (not logged)",IF(INDEX('12_sales_person_confirmation'!$I:$I,MATCH($A3,'12_sales_person_confirmation'!$A:$A,0))="CONFIRMED","CONFIRMED ("&LOWER(INDEX('12_sales_person_confirmation'!$E:$E,MATCH($A3,'12_sales_person_confirmation'!$A:$A,0)))&")","PENDING CONFIRM")))) | AR3: =IF(OR(AQ3="OK",AQ3="OK (auto-fixed)"),AP3,IF(LEFT(AQ3,9)="CONFIRMED",INDEX('12_sales_person_confirmation'!$F:$F,MATCH($A3,'12_sales_person_confirmation'!$A:$A,0)),"")) | AS3: =IF(AR3="","",INDEX('11_3nf_sales_person'!$B:$B,MATCH(AR3,'11_3nf_sales_person'!$A:$A,0)))
A4: =IF(ISBLANK('1_raw_log'!A4),"",'1_raw_log'!A4) | B4: =IF(ISBLANK('1_raw_log'!B4),"",'1_raw_log'!B4) | C4: =IF(ISBLANK('1_raw_log'!C4),"",'1_raw_log'!C4) | D4: =IF(ISBLANK('1_raw_log'!D4),"",'1_raw_log'!D4) | E4: =IF(ISBLANK('1_raw_log'!E4),"",'1_raw_log'!E4) | F4: =IF(ISBLANK('1_raw_log'!F4),"",'1_raw_log'!F4) | G4: =IF(ISBLANK('1_raw_log'!G4),"",'1_raw_log'!G4) | H4: =IF(ISBLANK('1_raw_log'!H4),"",'1_raw_log'!H4) | ... K4: =IF(ISBLANK('1_raw_log'!K4),"",'1_raw_log'!K4) | L4: =INT(B4) | M4: =ROUND(MOD(B4,1)*1440,0)/1440 | N4: =IFERROR(INDEX('3_ref_date'!$B:$B,MATCH(L4,'3_ref_date'!$A:$A,0)),"NOT FOUND") | O4: =IFERROR(INDEX('3_ref_date'!$C:$C,MATCH(L4,'3_ref_date'!$A:$A,0)),"NOT FOUND") | P4: =IFERROR(INDEX('3_ref_date'!$D:$D,MATCH(L4,'3_ref_date'!$A:$A,0)),"NOT FOUND") | Q4: =IFERROR(INDEX('3_ref_date'!$E:$E,MATCH(L4,'3_ref_date'!$A:$A,0)),"NOT FOUND") | R4: =IFERROR(INDEX('3_ref_date'!$F:$F,MATCH(L4,'3_ref_date'!$A:$A,0)),"NOT FOUND") | S4: =IFERROR(INDEX('4_ref_time'!$D:$D,MATCH(ROUND(M4*1440,0),'4_ref_time'!$A:$A,0)),"NOT FOUND") | T4: =UPPER(TRIM(C4)) | U4: =IF(_xlfn.MAXIFS('6_3nf_branch_history'!$B$2:$B$50,'6_3nf_branch_history'!$A$2:$A$50,T4,'6_3nf_branch_history'!$B$2:$B$50,"<="&L4)=0,"NOT FOUND",_xlfn.MAXIFS('6_3nf_branch_history'!$B$2:$B$50,'6_3nf_branch_history'!$A$2:$A$50,T4,'6_3nf_branch_history'!$B$2:$B$50,"<="&L4)) | V4: =IF(U4="NOT FOUND","NOT FOUND",INDEX('6_3nf_branch_history'!$C:$C,SUMPRODUCT(('6_3nf_branch_history'!$A$2:$A$50=T4)*('6_3nf_branch_history'!$B$2:$B$50=U4)*ROW('6_3nf_branch_history'!$A$2:$A$50)))) | W4: =IF(U4="NOT FOUND","NOT FOUND",INDEX('6_3nf_branch_history'!$D:$D,SUMPRODUCT(('6_3nf_branch_history'!$A$2:$A$50=T4)*('6_3nf_branch_history'!$B$2:$B$50=U4)*ROW('6_3nf_branch_history'!$A$2:$A$50)))) | X4: =IF(U4="NOT FOUND","NOT FOUND",INDEX('6_3nf_branch_history'!$E:$E,SUMPRODUCT(('6_3nf_branch_history'!$A$2:$A$50=T4)*('6_3nf_branch_history'!$B$2:$B$50=U4)*ROW('6_3nf_branch_history'!$A$2:$A$50)))) | Y4: =UPPER(TRIM(D4)) | Z4: =IFERROR(INDEX('7_3nf_product'!$B:$B,MATCH(Y4,'7_3nf_product'!$A:$A,0)),"NOT FOUND") | AA4: =IFERROR(INDEX('7_3nf_product'!$C:$C,MATCH(Y4,'7_3nf_product'!$A:$A,0)),"NOT FOUND") | AB4: =IFERROR(INDEX('7_3nf_product'!$D:$D,MATCH(Y4,'7_3nf_product'!$A:$A,0)),"NOT FOUND") | AC4: =IFERROR(INDEX('7_3nf_product'!$E:$E,MATCH(Y4,'7_3nf_product'!$A:$A,0)),"NOT FOUND") | AD4: =IF(LEN(TRIM(E4))=10,TRIM(E4),IF(LEN(TRIM(E4))=8,"00"&TRIM(E4),"CHECK")) | AE4: =IFERROR(INDEX('8_3nf_customer'!$C:$C,MATCH(AD4,'8_3nf_customer'!$B:$B,0)),"NOT FOUND") | AF4: =IFERROR(INDEX('8_3nf_customer'!$D:$D,MATCH(AD4,'8_3nf_customer'!$B:$B,0)),"NOT FOUND") | AG4: =IF(ISNUMBER(AF4),DATEDIF(AF4,L4,"y"),"NOT FOUND") | AH4: =IFERROR(INDEX('8_3nf_customer'!$E:$E,MATCH(AD4,'8_3nf_customer'!$B:$B,0)),"NOT FOUND") | AI4: =IF(_xlfn.MAXIFS('9_3nf_customer_history'!$B$2:$B$500,'9_3nf_customer_history'!$A$2:$A$500,AD4,'9_3nf_customer_history'!$B$2:$B$500,"<="&L4)=0,"NOT FOUND",_xlfn.MAXIFS('9_3nf_customer_history'!$B$2:$B$500,'9_3nf_customer_history'!$A$2:$A$500,AD4,'9_3nf_customer_history'!$B$2:$B$500,"<="&L4)) | AJ4: =IF(AI4="NOT FOUND","NOT FOUND",INDEX('9_3nf_customer_history'!$C:$C,SUMPRODUCT(('9_3nf_customer_history'!$A$2:$A$500=AD4)*('9_3nf_customer_history'!$B$2:$B$500=AI4)*ROW('9_3nf_customer_history'!$A$2:$A$500)))) | AK4: =IF(AI4="NOT FOUND","NOT FOUND",INDEX('9_3nf_customer_history'!$D:$D,SUMPRODUCT(('9_3nf_customer_history'!$A$2:$A$500=AD4)*('9_3nf_customer_history'!$B$2:$B$500=AI4)*ROW('9_3nf_customer_history'!$A$2:$A$500)))) | AL4: =UPPER(TRIM(H4)) | AM4: =IF(_xlfn.MAXIFS('10_ref_fx_rate'!$B$2:$B$2000,'10_ref_fx_rate'!$A$2:$A$2000,AL4,'10_ref_fx_rate'!$B$2:$B$2000,"<="&L4)=0,"NOT FOUND",_xlfn.MAXIFS('10_ref_fx_rate'!$B$2:$B$2000,'10_ref_fx_rate'!$A$2:$A$2000,AL4,'10_ref_fx_rate'!$B$2:$B$2000,"<="&L4)) | AN4: =IF(AM4="NOT FOUND","NOT FOUND",SUMIFS('10_ref_fx_rate'!$D$2:$D$2000,'10_ref_fx_rate'!$A$2:$A$2000,AL4,'10_ref_fx_rate'!$B$2:$B$2000,AM4)) | AO4: =IF(ISNUMBER(AN4),I4*AN4,"NOT FOUND") | AP4: =UPPER(TRIM(J4)) | AQ4: =IF(AP4="","SELF-DIRECTED",IF(ISNUMBER(MATCH(AP4,'11_3nf_sales_person'!$A:$A,0)),IF(EXACT(AP4,J4),"OK","OK (auto-fixed)"),IF(ISNA(MATCH($A4,'12_sales_person_confirmation'!$A:$A,0)),"CONFIRM (not logged)",IF(INDEX('12_sales_person_confirmation'!$I:$I,MATCH($A4,'12_sales_person_confirmation'!$A:$A,0))="CONFIRMED","CONFIRMED ("&LOWER(INDEX('12_sales_person_confirmation'!$E:$E,MATCH($A4,'12_sales_person_confirmation'!$A:$A,0)))&")","PENDING CONFIRM")))) | AR4: =IF(OR(AQ4="OK",AQ4="OK (auto-fixed)"),AP4,IF(LEFT(AQ4,9)="CONFIRMED",INDEX('12_sales_person_confirmation'!$F:$F,MATCH($A4,'12_sales_person_confirmation'!$A:$A,0)),"")) | AS4: =IF(AR4="","",INDEX('11_3nf_sales_person'!$B:$B,MATCH(AR4,'11_3nf_sales_person'!$A:$A,0)))
A5: =IF(ISBLANK('1_raw_log'!A5),"",'1_raw_log'!A5) | B5: =IF(ISBLANK('1_raw_log'!B5),"",'1_raw_log'!B5) | C5: =IF(ISBLANK('1_raw_log'!C5),"",'1_raw_log'!C5) | D5: =IF(ISBLANK('1_raw_log'!D5),"",'1_raw_log'!D5) | E5: =IF(ISBLANK('1_raw_log'!E5),"",'1_raw_log'!E5) | F5: =IF(ISBLANK('1_raw_log'!F5),"",'1_raw_log'!F5) | G5: =IF(ISBLANK('1_raw_log'!G5),"",'1_raw_log'!G5) | H5: =IF(ISBLANK('1_raw_log'!H5),"",'1_raw_log'!H5) | ... K5: =IF(ISBLANK('1_raw_log'!K5),"",'1_raw_log'!K5) | L5: =INT(B5) | M5: =ROUND(MOD(B5,1)*1440,0)/1440 | N5: =IFERROR(INDEX('3_ref_date'!$B:$B,MATCH(L5,'3_ref_date'!$A:$A,0)),"NOT FOUND") | O5: =IFERROR(INDEX('3_ref_date'!$C:$C,MATCH(L5,'3_ref_date'!$A:$A,0)),"NOT FOUND") | P5: =IFERROR(INDEX('3_ref_date'!$D:$D,MATCH(L5,'3_ref_date'!$A:$A,0)),"NOT FOUND") | Q5: =IFERROR(INDEX('3_ref_date'!$E:$E,MATCH(L5,'3_ref_date'!$A:$A,0)),"NOT FOUND") | R5: =IFERROR(INDEX('3_ref_date'!$F:$F,MATCH(L5,'3_ref_date'!$A:$A,0)),"NOT FOUND") | S5: =IFERROR(INDEX('4_ref_time'!$D:$D,MATCH(ROUND(M5*1440,0),'4_ref_time'!$A:$A,0)),"NOT FOUND") | T5: =UPPER(TRIM(C5)) | U5: =IF(_xlfn.MAXIFS('6_3nf_branch_history'!$B$2:$B$50,'6_3nf_branch_history'!$A$2:$A$50,T5,'6_3nf_branch_history'!$B$2:$B$50,"<="&L5)=0,"NOT FOUND",_xlfn.MAXIFS('6_3nf_branch_history'!$B$2:$B$50,'6_3nf_branch_history'!$A$2:$A$50,T5,'6_3nf_branch_history'!$B$2:$B$50,"<="&L5)) | V5: =IF(U5="NOT FOUND","NOT FOUND",INDEX('6_3nf_branch_history'!$C:$C,SUMPRODUCT(('6_3nf_branch_history'!$A$2:$A$50=T5)*('6_3nf_branch_history'!$B$2:$B$50=U5)*ROW('6_3nf_branch_history'!$A$2:$A$50)))) | W5: =IF(U5="NOT FOUND","NOT FOUND",INDEX('6_3nf_branch_history'!$D:$D,SUMPRODUCT(('6_3nf_branch_history'!$A$2:$A$50=T5)*('6_3nf_branch_history'!$B$2:$B$50=U5)*ROW('6_3nf_branch_history'!$A$2:$A$50)))) | X5: =IF(U5="NOT FOUND","NOT FOUND",INDEX('6_3nf_branch_history'!$E:$E,SUMPRODUCT(('6_3nf_branch_history'!$A$2:$A$50=T5)*('6_3nf_branch_history'!$B$2:$B$50=U5)*ROW('6_3nf_branch_history'!$A$2:$A$50)))) | Y5: =UPPER(TRIM(D5)) | Z5: =IFERROR(INDEX('7_3nf_product'!$B:$B,MATCH(Y5,'7_3nf_product'!$A:$A,0)),"NOT FOUND") | AA5: =IFERROR(INDEX('7_3nf_product'!$C:$C,MATCH(Y5,'7_3nf_product'!$A:$A,0)),"NOT FOUND") | AB5: =IFERROR(INDEX('7_3nf_product'!$D:$D,MATCH(Y5,'7_3nf_product'!$A:$A,0)),"NOT FOUND") | AC5: =IFERROR(INDEX('7_3nf_product'!$E:$E,MATCH(Y5,'7_3nf_product'!$A:$A,0)),"NOT FOUND") | AD5: =IF(LEN(TRIM(E5))=10,TRIM(E5),IF(LEN(TRIM(E5))=8,"00"&TRIM(E5),"CHECK")) | AE5: =IFERROR(INDEX('8_3nf_customer'!$C:$C,MATCH(AD5,'8_3nf_customer'!$B:$B,0)),"NOT FOUND") | AF5: =IFERROR(INDEX('8_3nf_customer'!$D:$D,MATCH(AD5,'8_3nf_customer'!$B:$B,0)),"NOT FOUND") | AG5: =IF(ISNUMBER(AF5),DATEDIF(AF5,L5,"y"),"NOT FOUND") | AH5: =IFERROR(INDEX('8_3nf_customer'!$E:$E,MATCH(AD5,'8_3nf_customer'!$B:$B,0)),"NOT FOUND") | AI5: =IF(_xlfn.MAXIFS('9_3nf_customer_history'!$B$2:$B$500,'9_3nf_customer_history'!$A$2:$A$500,AD5,'9_3nf_customer_history'!$B$2:$B$500,"<="&L5)=0,"NOT FOUND",_xlfn.MAXIFS('9_3nf_customer_history'!$B$2:$B$500,'9_3nf_customer_history'!$A$2:$A$500,AD5,'9_3nf_customer_history'!$B$2:$B$500,"<="&L5)) | AJ5: =IF(AI5="NOT FOUND","NOT FOUND",INDEX('9_3nf_customer_history'!$C:$C,SUMPRODUCT(('9_3nf_customer_history'!$A$2:$A$500=AD5)*('9_3nf_customer_history'!$B$2:$B$500=AI5)*ROW('9_3nf_customer_history'!$A$2:$A$500)))) | AK5: =IF(AI5="NOT FOUND","NOT FOUND",INDEX('9_3nf_customer_history'!$D:$D,SUMPRODUCT(('9_3nf_customer_history'!$A$2:$A$500=AD5)*('9_3nf_customer_history'!$B$2:$B$500=AI5)*ROW('9_3nf_customer_history'!$A$2:$A$500)))) | AL5: =UPPER(TRIM(H5)) | AM5: =IF(_xlfn.MAXIFS('10_ref_fx_rate'!$B$2:$B$2000,'10_ref_fx_rate'!$A$2:$A$2000,AL5,'10_ref_fx_rate'!$B$2:$B$2000,"<="&L5)=0,"NOT FOUND",_xlfn.MAXIFS('10_ref_fx_rate'!$B$2:$B$2000,'10_ref_fx_rate'!$A$2:$A$2000,AL5,'10_ref_fx_rate'!$B$2:$B$2000,"<="&L5)) | AN5: =IF(AM5="NOT FOUND","NOT FOUND",SUMIFS('10_ref_fx_rate'!$D$2:$D$2000,'10_ref_fx_rate'!$A$2:$A$2000,AL5,'10_ref_fx_rate'!$B$2:$B$2000,AM5)) | AO5: =IF(ISNUMBER(AN5),I5*AN5,"NOT FOUND") | AP5: =UPPER(TRIM(J5)) | AQ5: =IF(AP5="","SELF-DIRECTED",IF(ISNUMBER(MATCH(AP5,'11_3nf_sales_person'!$A:$A,0)),IF(EXACT(AP5,J5),"OK","OK (auto-fixed)"),IF(ISNA(MATCH($A5,'12_sales_person_confirmation'!$A:$A,0)),"CONFIRM (not logged)",IF(INDEX('12_sales_person_confirmation'!$I:$I,MATCH($A5,'12_sales_person_confirmation'!$A:$A,0))="CONFIRMED","CONFIRMED ("&LOWER(INDEX('12_sales_person_confirmation'!$E:$E,MATCH($A5,'12_sales_person_confirmation'!$A:$A,0)))&")","PENDING CONFIRM")))) | AR5: =IF(OR(AQ5="OK",AQ5="OK (auto-fixed)"),AP5,IF(LEFT(AQ5,9)="CONFIRMED",INDEX('12_sales_person_confirmation'!$F:$F,MATCH($A5,'12_sales_person_confirmation'!$A:$A,0)),"")) | AS5: =IF(AR5="","",INDEX('11_3nf_sales_person'!$B:$B,MATCH(AR5,'11_3nf_sales_person'!$A:$A,0)))
A6: =IF(ISBLANK('1_raw_log'!A6),"",'1_raw_log'!A6) | B6: =IF(ISBLANK('1_raw_log'!B6),"",'1_raw_log'!B6) | C6: =IF(ISBLANK('1_raw_log'!C6),"",'1_raw_log'!C6) | D6: =IF(ISBLANK('1_raw_log'!D6),"",'1_raw_log'!D6) | E6: =IF(ISBLANK('1_raw_log'!E6),"",'1_raw_log'!E6) | F6: =IF(ISBLANK('1_raw_log'!F6),"",'1_raw_log'!F6) | G6: =IF(ISBLANK('1_raw_log'!G6),"",'1_raw_log'!G6) | H6: =IF(ISBLANK('1_raw_log'!H6),"",'1_raw_log'!H6) | ... K6: =IF(ISBLANK('1_raw_log'!K6),"",'1_raw_log'!K6) | L6: =INT(B6) | M6: =ROUND(MOD(B6,1)*1440,0)/1440 | N6: =IFERROR(INDEX('3_ref_date'!$B:$B,MATCH(L6,'3_ref_date'!$A:$A,0)),"NOT FOUND") | O6: =IFERROR(INDEX('3_ref_date'!$C:$C,MATCH(L6,'3_ref_date'!$A:$A,0)),"NOT FOUND") | P6: =IFERROR(INDEX('3_ref_date'!$D:$D,MATCH(L6,'3_ref_date'!$A:$A,0)),"NOT FOUND") | Q6: =IFERROR(INDEX('3_ref_date'!$E:$E,MATCH(L6,'3_ref_date'!$A:$A,0)),"NOT FOUND") | R6: =IFERROR(INDEX('3_ref_date'!$F:$F,MATCH(L6,'3_ref_date'!$A:$A,0)),"NOT FOUND") | S6: =IFERROR(INDEX('4_ref_time'!$D:$D,MATCH(ROUND(M6*1440,0),'4_ref_time'!$A:$A,0)),"NOT FOUND") | T6: =UPPER(TRIM(C6)) | U6: =IF(_xlfn.MAXIFS('6_3nf_branch_history'!$B$2:$B$50,'6_3nf_branch_history'!$A$2:$A$50,T6,'6_3nf_branch_history'!$B$2:$B$50,"<="&L6)=0,"NOT FOUND",_xlfn.MAXIFS('6_3nf_branch_history'!$B$2:$B$50,'6_3nf_branch_history'!$A$2:$A$50,T6,'6_3nf_branch_history'!$B$2:$B$50,"<="&L6)) | V6: =IF(U6="NOT FOUND","NOT FOUND",INDEX('6_3nf_branch_history'!$C:$C,SUMPRODUCT(('6_3nf_branch_history'!$A$2:$A$50=T6)*('6_3nf_branch_history'!$B$2:$B$50=U6)*ROW('6_3nf_branch_history'!$A$2:$A$50)))) | W6: =IF(U6="NOT FOUND","NOT FOUND",INDEX('6_3nf_branch_history'!$D:$D,SUMPRODUCT(('6_3nf_branch_history'!$A$2:$A$50=T6)*('6_3nf_branch_history'!$B$2:$B$50=U6)*ROW('6_3nf_branch_history'!$A$2:$A$50)))) | X6: =IF(U6="NOT FOUND","NOT FOUND",INDEX('6_3nf_branch_history'!$E:$E,SUMPRODUCT(('6_3nf_branch_history'!$A$2:$A$50=T6)*('6_3nf_branch_history'!$B$2:$B$50=U6)*ROW('6_3nf_branch_history'!$A$2:$A$50)))) | Y6: =UPPER(TRIM(D6)) | Z6: =IFERROR(INDEX('7_3nf_product'!$B:$B,MATCH(Y6,'7_3nf_product'!$A:$A,0)),"NOT FOUND") | AA6: =IFERROR(INDEX('7_3nf_product'!$C:$C,MATCH(Y6,'7_3nf_product'!$A:$A,0)),"NOT FOUND") | AB6: =IFERROR(INDEX('7_3nf_product'!$D:$D,MATCH(Y6,'7_3nf_product'!$A:$A,0)),"NOT FOUND") | AC6: =IFERROR(INDEX('7_3nf_product'!$E:$E,MATCH(Y6,'7_3nf_product'!$A:$A,0)),"NOT FOUND") | AD6: =IF(LEN(TRIM(E6))=10,TRIM(E6),IF(LEN(TRIM(E6))=8,"00"&TRIM(E6),"CHECK")) | AE6: =IFERROR(INDEX('8_3nf_customer'!$C:$C,MATCH(AD6,'8_3nf_customer'!$B:$B,0)),"NOT FOUND") | AF6: =IFERROR(INDEX('8_3nf_customer'!$D:$D,MATCH(AD6,'8_3nf_customer'!$B:$B,0)),"NOT FOUND") | AG6: =IF(ISNUMBER(AF6),DATEDIF(AF6,L6,"y"),"NOT FOUND") | AH6: =IFERROR(INDEX('8_3nf_customer'!$E:$E,MATCH(AD6,'8_3nf_customer'!$B:$B,0)),"NOT FOUND") | AI6: =IF(_xlfn.MAXIFS('9_3nf_customer_history'!$B$2:$B$500,'9_3nf_customer_history'!$A$2:$A$500,AD6,'9_3nf_customer_history'!$B$2:$B$500,"<="&L6)=0,"NOT FOUND",_xlfn.MAXIFS('9_3nf_customer_history'!$B$2:$B$500,'9_3nf_customer_history'!$A$2:$A$500,AD6,'9_3nf_customer_history'!$B$2:$B$500,"<="&L6)) | AJ6: =IF(AI6="NOT FOUND","NOT FOUND",INDEX('9_3nf_customer_history'!$C:$C,SUMPRODUCT(('9_3nf_customer_history'!$A$2:$A$500=AD6)*('9_3nf_customer_history'!$B$2:$B$500=AI6)*ROW('9_3nf_customer_history'!$A$2:$A$500)))) | AK6: =IF(AI6="NOT FOUND","NOT FOUND",INDEX('9_3nf_customer_history'!$D:$D,SUMPRODUCT(('9_3nf_customer_history'!$A$2:$A$500=AD6)*('9_3nf_customer_history'!$B$2:$B$500=AI6)*ROW('9_3nf_customer_history'!$A$2:$A$500)))) | AL6: =UPPER(TRIM(H6)) | AM6: =IF(_xlfn.MAXIFS('10_ref_fx_rate'!$B$2:$B$2000,'10_ref_fx_rate'!$A$2:$A$2000,AL6,'10_ref_fx_rate'!$B$2:$B$2000,"<="&L6)=0,"NOT FOUND",_xlfn.MAXIFS('10_ref_fx_rate'!$B$2:$B$2000,'10_ref_fx_rate'!$A$2:$A$2000,AL6,'10_ref_fx_rate'!$B$2:$B$2000,"<="&L6)) | AN6: =IF(AM6="NOT FOUND","NOT FOUND",SUMIFS('10_ref_fx_rate'!$D$2:$D$2000,'10_ref_fx_rate'!$A$2:$A$2000,AL6,'10_ref_fx_rate'!$B$2:$B$2000,AM6)) | AO6: =IF(ISNUMBER(AN6),I6*AN6,"NOT FOUND") | AP6: =UPPER(TRIM(J6)) | AQ6: =IF(AP6="","SELF-DIRECTED",IF(ISNUMBER(MATCH(AP6,'11_3nf_sales_person'!$A:$A,0)),IF(EXACT(AP6,J6),"OK","OK (auto-fixed)"),IF(ISNA(MATCH($A6,'12_sales_person_confirmation'!$A:$A,0)),"CONFIRM (not logged)",IF(INDEX('12_sales_person_confirmation'!$I:$I,MATCH($A6,'12_sales_person_confirmation'!$A:$A,0))="CONFIRMED","CONFIRMED ("&LOWER(INDEX('12_sales_person_confirmation'!$E:$E,MATCH($A6,'12_sales_person_confirmation'!$A:$A,0)))&")","PENDING CONFIRM")))) | AR6: =IF(OR(AQ6="OK",AQ6="OK (auto-fixed)"),AP6,IF(LEFT(AQ6,9)="CONFIRMED",INDEX('12_sales_person_confirmation'!$F:$F,MATCH($A6,'12_sales_person_confirmation'!$A:$A,0)),"")) | AS6: =IF(AR6="","",INDEX('11_3nf_sales_person'!$B:$B,MATCH(AR6,'11_3nf_sales_person'!$A:$A,0)))
A7: =IF(ISBLANK('1_raw_log'!A7),"",'1_raw_log'!A7) | B7: =IF(ISBLANK('1_raw_log'!B7),"",'1_raw_log'!B7) | C7: =IF(ISBLANK('1_raw_log'!C7),"",'1_raw_log'!C7) | D7: =IF(ISBLANK('1_raw_log'!D7),"",'1_raw_log'!D7) | E7: =IF(ISBLANK('1_raw_log'!E7),"",'1_raw_log'!E7) | F7: =IF(ISBLANK('1_raw_log'!F7),"",'1_raw_log'!F7) | G7: =IF(ISBLANK('1_raw_log'!G7),"",'1_raw_log'!G7) | H7: =IF(ISBLANK('1_raw_log'!H7),"",'1_raw_log'!H7) | ... K7: =IF(ISBLANK('1_raw_log'!K7),"",'1_raw_log'!K7) | L7: =INT(B7) | M7: =ROUND(MOD(B7,1)*1440,0)/1440 | N7: =IFERROR(INDEX('3_ref_date'!$B:$B,MATCH(L7,'3_ref_date'!$A:$A,0)),"NOT FOUND") | O7: =IFERROR(INDEX('3_ref_date'!$C:$C,MATCH(L7,'3_ref_date'!$A:$A,0)),"NOT FOUND") | P7: =IFERROR(INDEX('3_ref_date'!$D:$D,MATCH(L7,'3_ref_date'!$A:$A,0)),"NOT FOUND") | Q7: =IFERROR(INDEX('3_ref_date'!$E:$E,MATCH(L7,'3_ref_date'!$A:$A,0)),"NOT FOUND") | R7: =IFERROR(INDEX('3_ref_date'!$F:$F,MATCH(L7,'3_ref_date'!$A:$A,0)),"NOT FOUND") | S7: =IFERROR(INDEX('4_ref_time'!$D:$D,MATCH(ROUND(M7*1440,0),'4_ref_time'!$A:$A,0)),"NOT FOUND") | T7: =UPPER(TRIM(C7)) | U7: =IF(_xlfn.MAXIFS('6_3nf_branch_history'!$B$2:$B$50,'6_3nf_branch_history'!$A$2:$A$50,T7,'6_3nf_branch_history'!$B$2:$B$50,"<="&L7)=0,"NOT FOUND",_xlfn.MAXIFS('6_3nf_branch_history'!$B$2:$B$50,'6_3nf_branch_history'!$A$2:$A$50,T7,'6_3nf_branch_history'!$B$2:$B$50,"<="&L7)) | V7: =IF(U7="NOT FOUND","NOT FOUND",INDEX('6_3nf_branch_history'!$C:$C,SUMPRODUCT(('6_3nf_branch_history'!$A$2:$A$50=T7)*('6_3nf_branch_history'!$B$2:$B$50=U7)*ROW('6_3nf_branch_history'!$A$2:$A$50)))) | W7: =IF(U7="NOT FOUND","NOT FOUND",INDEX('6_3nf_branch_history'!$D:$D,SUMPRODUCT(('6_3nf_branch_history'!$A$2:$A$50=T7)*('6_3nf_branch_history'!$B$2:$B$50=U7)*ROW('6_3nf_branch_history'!$A$2:$A$50)))) | X7: =IF(U7="NOT FOUND","NOT FOUND",INDEX('6_3nf_branch_history'!$E:$E,SUMPRODUCT(('6_3nf_branch_history'!$A$2:$A$50=T7)*('6_3nf_branch_history'!$B$2:$B$50=U7)*ROW('6_3nf_branch_history'!$A$2:$A$50)))) | Y7: =UPPER(TRIM(D7)) | Z7: =IFERROR(INDEX('7_3nf_product'!$B:$B,MATCH(Y7,'7_3nf_product'!$A:$A,0)),"NOT FOUND") | AA7: =IFERROR(INDEX('7_3nf_product'!$C:$C,MATCH(Y7,'7_3nf_product'!$A:$A,0)),"NOT FOUND") | AB7: =IFERROR(INDEX('7_3nf_product'!$D:$D,MATCH(Y7,'7_3nf_product'!$A:$A,0)),"NOT FOUND") | AC7: =IFERROR(INDEX('7_3nf_product'!$E:$E,MATCH(Y7,'7_3nf_product'!$A:$A,0)),"NOT FOUND") | AD7: =IF(LEN(TRIM(E7))=10,TRIM(E7),IF(LEN(TRIM(E7))=8,"00"&TRIM(E7),"CHECK")) | AE7: =IFERROR(INDEX('8_3nf_customer'!$C:$C,MATCH(AD7,'8_3nf_customer'!$B:$B,0)),"NOT FOUND") | AF7: =IFERROR(INDEX('8_3nf_customer'!$D:$D,MATCH(AD7,'8_3nf_customer'!$B:$B,0)),"NOT FOUND") | AG7: =IF(ISNUMBER(AF7),DATEDIF(AF7,L7,"y"),"NOT FOUND") | AH7: =IFERROR(INDEX('8_3nf_customer'!$E:$E,MATCH(AD7,'8_3nf_customer'!$B:$B,0)),"NOT FOUND") | AI7: =IF(_xlfn.MAXIFS('9_3nf_customer_history'!$B$2:$B$500,'9_3nf_customer_history'!$A$2:$A$500,AD7,'9_3nf_customer_history'!$B$2:$B$500,"<="&L7)=0,"NOT FOUND",_xlfn.MAXIFS('9_3nf_customer_history'!$B$2:$B$500,'9_3nf_customer_history'!$A$2:$A$500,AD7,'9_3nf_customer_history'!$B$2:$B$500,"<="&L7)) | AJ7: =IF(AI7="NOT FOUND","NOT FOUND",INDEX('9_3nf_customer_history'!$C:$C,SUMPRODUCT(('9_3nf_customer_history'!$A$2:$A$500=AD7)*('9_3nf_customer_history'!$B$2:$B$500=AI7)*ROW('9_3nf_customer_history'!$A$2:$A$500)))) | AK7: =IF(AI7="NOT FOUND","NOT FOUND",INDEX('9_3nf_customer_history'!$D:$D,SUMPRODUCT(('9_3nf_customer_history'!$A$2:$A$500=AD7)*('9_3nf_customer_history'!$B$2:$B$500=AI7)*ROW('9_3nf_customer_history'!$A$2:$A$500)))) | AL7: =UPPER(TRIM(H7)) | AM7: =IF(_xlfn.MAXIFS('10_ref_fx_rate'!$B$2:$B$2000,'10_ref_fx_rate'!$A$2:$A$2000,AL7,'10_ref_fx_rate'!$B$2:$B$2000,"<="&L7)=0,"NOT FOUND",_xlfn.MAXIFS('10_ref_fx_rate'!$B$2:$B$2000,'10_ref_fx_rate'!$A$2:$A$2000,AL7,'10_ref_fx_rate'!$B$2:$B$2000,"<="&L7)) | AN7: =IF(AM7="NOT FOUND","NOT FOUND",SUMIFS('10_ref_fx_rate'!$D$2:$D$2000,'10_ref_fx_rate'!$A$2:$A$2000,AL7,'10_ref_fx_rate'!$B$2:$B$2000,AM7)) | AO7: =IF(ISNUMBER(AN7),I7*AN7,"NOT FOUND") | AP7: =UPPER(TRIM(J7)) | AQ7: =IF(AP7="","SELF-DIRECTED",IF(ISNUMBER(MATCH(AP7,'11_3nf_sales_person'!$A:$A,0)),IF(EXACT(AP7,J7),"OK","OK (auto-fixed)"),IF(ISNA(MATCH($A7,'12_sales_person_confirmation'!$A:$A,0)),"CONFIRM (not logged)",IF(INDEX('12_sales_person_confirmation'!$I:$I,MATCH($A7,'12_sales_person_confirmation'!$A:$A,0))="CONFIRMED","CONFIRMED ("&LOWER(INDEX('12_sales_person_confirmation'!$E:$E,MATCH($A7,'12_sales_person_confirmation'!$A:$A,0)))&")","PENDING CONFIRM")))) | AR7: =IF(OR(AQ7="OK",AQ7="OK (auto-fixed)"),AP7,IF(LEFT(AQ7,9)="CONFIRMED",INDEX('12_sales_person_confirmation'!$F:$F,MATCH($A7,'12_sales_person_confirmation'!$A:$A,0)),"")) | AS7: =IF(AR7="","",INDEX('11_3nf_sales_person'!$B:$B,MATCH(AR7,'11_3nf_sales_person'!$A:$A,0)))
A8: =IF(ISBLANK('1_raw_log'!A8),"",'1_raw_log'!A8) | B8: =IF(ISBLANK('1_raw_log'!B8),"",'1_raw_log'!B8) | C8: =IF(ISBLANK('1_raw_log'!C8),"",'1_raw_log'!C8) | D8: =IF(ISBLANK('1_raw_log'!D8),"",'1_raw_log'!D8) | E8: =IF(ISBLANK('1_raw_log'!E8),"",'1_raw_log'!E8) | F8: =IF(ISBLANK('1_raw_log'!F8),"",'1_raw_log'!F8) | G8: =IF(ISBLANK('1_raw_log'!G8),"",'1_raw_log'!G8) | H8: =IF(ISBLANK('1_raw_log'!H8),"",'1_raw_log'!H8) | ... K8: =IF(ISBLANK('1_raw_log'!K8),"",'1_raw_log'!K8) | L8: =INT(B8) | M8: =ROUND(MOD(B8,1)*1440,0)/1440 | N8: =IFERROR(INDEX('3_ref_date'!$B:$B,MATCH(L8,'3_ref_date'!$A:$A,0)),"NOT FOUND") | O8: =IFERROR(INDEX('3_ref_date'!$C:$C,MATCH(L8,'3_ref_date'!$A:$A,0)),"NOT FOUND") | P8: =IFERROR(INDEX('3_ref_date'!$D:$D,MATCH(L8,'3_ref_date'!$A:$A,0)),"NOT FOUND") | Q8: =IFERROR(INDEX('3_ref_date'!$E:$E,MATCH(L8,'3_ref_date'!$A:$A,0)),"NOT FOUND") | R8: =IFERROR(INDEX('3_ref_date'!$F:$F,MATCH(L8,'3_ref_date'!$A:$A,0)),"NOT FOUND") | S8: =IFERROR(INDEX('4_ref_time'!$D:$D,MATCH(ROUND(M8*1440,0),'4_ref_time'!$A:$A,0)),"NOT FOUND") | T8: =UPPER(TRIM(C8)) | U8: =IF(_xlfn.MAXIFS('6_3nf_branch_history'!$B$2:$B$50,'6_3nf_branch_history'!$A$2:$A$50,T8,'6_3nf_branch_history'!$B$2:$B$50,"<="&L8)=0,"NOT FOUND",_xlfn.MAXIFS('6_3nf_branch_history'!$B$2:$B$50,'6_3nf_branch_history'!$A$2:$A$50,T8,'6_3nf_branch_history'!$B$2:$B$50,"<="&L8)) | V8: =IF(U8="NOT FOUND","NOT FOUND",INDEX('6_3nf_branch_history'!$C:$C,SUMPRODUCT(('6_3nf_branch_history'!$A$2:$A$50=T8)*('6_3nf_branch_history'!$B$2:$B$50=U8)*ROW('6_3nf_branch_history'!$A$2:$A$50)))) | W8: =IF(U8="NOT FOUND","NOT FOUND",INDEX('6_3nf_branch_history'!$D:$D,SUMPRODUCT(('6_3nf_branch_history'!$A$2:$A$50=T8)*('6_3nf_branch_history'!$B$2:$B$50=U8)*ROW('6_3nf_branch_history'!$A$2:$A$50)))) | X8: =IF(U8="NOT FOUND","NOT FOUND",INDEX('6_3nf_branch_history'!$E:$E,SUMPRODUCT(('6_3nf_branch_history'!$A$2:$A$50=T8)*('6_3nf_branch_history'!$B$2:$B$50=U8)*ROW('6_3nf_branch_history'!$A$2:$A$50)))) | Y8: =UPPER(TRIM(D8)) | Z8: =IFERROR(INDEX('7_3nf_product'!$B:$B,MATCH(Y8,'7_3nf_product'!$A:$A,0)),"NOT FOUND") | AA8: =IFERROR(INDEX('7_3nf_product'!$C:$C,MATCH(Y8,'7_3nf_product'!$A:$A,0)),"NOT FOUND") | AB8: =IFERROR(INDEX('7_3nf_product'!$D:$D,MATCH(Y8,'7_3nf_product'!$A:$A,0)),"NOT FOUND") | AC8: =IFERROR(INDEX('7_3nf_product'!$E:$E,MATCH(Y8,'7_3nf_product'!$A:$A,0)),"NOT FOUND") | AD8: =IF(LEN(TRIM(E8))=10,TRIM(E8),IF(LEN(TRIM(E8))=8,"00"&TRIM(E8),"CHECK")) | AE8: =IFERROR(INDEX('8_3nf_customer'!$C:$C,MATCH(AD8,'8_3nf_customer'!$B:$B,0)),"NOT FOUND") | AF8: =IFERROR(INDEX('8_3nf_customer'!$D:$D,MATCH(AD8,'8_3nf_customer'!$B:$B,0)),"NOT FOUND") | AG8: =IF(ISNUMBER(AF8),DATEDIF(AF8,L8,"y"),"NOT FOUND") | AH8: =IFERROR(INDEX('8_3nf_customer'!$E:$E,MATCH(AD8,'8_3nf_customer'!$B:$B,0)),"NOT FOUND") | AI8: =IF(_xlfn.MAXIFS('9_3nf_customer_history'!$B$2:$B$500,'9_3nf_customer_history'!$A$2:$A$500,AD8,'9_3nf_customer_history'!$B$2:$B$500,"<="&L8)=0,"NOT FOUND",_xlfn.MAXIFS('9_3nf_customer_history'!$B$2:$B$500,'9_3nf_customer_history'!$A$2:$A$500,AD8,'9_3nf_customer_history'!$B$2:$B$500,"<="&L8)) | AJ8: =IF(AI8="NOT FOUND","NOT FOUND",INDEX('9_3nf_customer_history'!$C:$C,SUMPRODUCT(('9_3nf_customer_history'!$A$2:$A$500=AD8)*('9_3nf_customer_history'!$B$2:$B$500=AI8)*ROW('9_3nf_customer_history'!$A$2:$A$500)))) | AK8: =IF(AI8="NOT FOUND","NOT FOUND",INDEX('9_3nf_customer_history'!$D:$D,SUMPRODUCT(('9_3nf_customer_history'!$A$2:$A$500=AD8)*('9_3nf_customer_history'!$B$2:$B$500=AI8)*ROW('9_3nf_customer_history'!$A$2:$A$500)))) | AL8: =UPPER(TRIM(H8)) | AM8: =IF(_xlfn.MAXIFS('10_ref_fx_rate'!$B$2:$B$2000,'10_ref_fx_rate'!$A$2:$A$2000,AL8,'10_ref_fx_rate'!$B$2:$B$2000,"<="&L8)=0,"NOT FOUND",_xlfn.MAXIFS('10_ref_fx_rate'!$B$2:$B$2000,'10_ref_fx_rate'!$A$2:$A$2000,AL8,'10_ref_fx_rate'!$B$2:$B$2000,"<="&L8)) | AN8: =IF(AM8="NOT FOUND","NOT FOUND",SUMIFS('10_ref_fx_rate'!$D$2:$D$2000,'10_ref_fx_rate'!$A$2:$A$2000,AL8,'10_ref_fx_rate'!$B$2:$B$2000,AM8)) | AO8: =IF(ISNUMBER(AN8),I8*AN8,"NOT FOUND") | AP8: =UPPER(TRIM(J8)) | AQ8: =IF(AP8="","SELF-DIRECTED",IF(ISNUMBER(MATCH(AP8,'11_3nf_sales_person'!$A:$A,0)),IF(EXACT(AP8,J8),"OK","OK (auto-fixed)"),IF(ISNA(MATCH($A8,'12_sales_person_confirmation'!$A:$A,0)),"CONFIRM (not logged)",IF(INDEX('12_sales_person_confirmation'!$I:$I,MATCH($A8,'12_sales_person_confirmation'!$A:$A,0))="CONFIRMED","CONFIRMED ("&LOWER(INDEX('12_sales_person_confirmation'!$E:$E,MATCH($A8,'12_sales_person_confirmation'!$A:$A,0)))&")","PENDING CONFIRM")))) | AR8: =IF(OR(AQ8="OK",AQ8="OK (auto-fixed)"),AP8,IF(LEFT(AQ8,9)="CONFIRMED",INDEX('12_sales_person_confirmation'!$F:$F,MATCH($A8,'12_sales_person_confirmation'!$A:$A,0)),"")) | AS8: =IF(AR8="","",INDEX('11_3nf_sales_person'!$B:$B,MATCH(AR8,'11_3nf_sales_person'!$A:$A,0)))
A9: =IF(ISBLANK('1_raw_log'!A9),"",'1_raw_log'!A9) | B9: =IF(ISBLANK('1_raw_log'!B9),"",'1_raw_log'!B9) | C9: =IF(ISBLANK('1_raw_log'!C9),"",'1_raw_log'!C9) | D9: =IF(ISBLANK('1_raw_log'!D9),"",'1_raw_log'!D9) | E9: =IF(ISBLANK('1_raw_log'!E9),"",'1_raw_log'!E9) | F9: =IF(ISBLANK('1_raw_log'!F9),"",'1_raw_log'!F9) | G9: =IF(ISBLANK('1_raw_log'!G9),"",'1_raw_log'!G9) | H9: =IF(ISBLANK('1_raw_log'!H9),"",'1_raw_log'!H9) | ... K9: =IF(ISBLANK('1_raw_log'!K9),"",'1_raw_log'!K9) | L9: =INT(B9) | M9: =ROUND(MOD(B9,1)*1440,0)/1440 | N9: =IFERROR(INDEX('3_ref_date'!$B:$B,MATCH(L9,'3_ref_date'!$A:$A,0)),"NOT FOUND") | O9: =IFERROR(INDEX('3_ref_date'!$C:$C,MATCH(L9,'3_ref_date'!$A:$A,0)),"NOT FOUND") | P9: =IFERROR(INDEX('3_ref_date'!$D:$D,MATCH(L9,'3_ref_date'!$A:$A,0)),"NOT FOUND") | Q9: =IFERROR(INDEX('3_ref_date'!$E:$E,MATCH(L9,'3_ref_date'!$A:$A,0)),"NOT FOUND") | R9: =IFERROR(INDEX('3_ref_date'!$F:$F,MATCH(L9,'3_ref_date'!$A:$A,0)),"NOT FOUND") | S9: =IFERROR(INDEX('4_ref_time'!$D:$D,MATCH(ROUND(M9*1440,0),'4_ref_time'!$A:$A,0)),"NOT FOUND") | T9: =UPPER(TRIM(C9)) | U9: =IF(_xlfn.MAXIFS('6_3nf_branch_history'!$B$2:$B$50,'6_3nf_branch_history'!$A$2:$A$50,T9,'6_3nf_branch_history'!$B$2:$B$50,"<="&L9)=0,"NOT FOUND",_xlfn.MAXIFS('6_3nf_branch_history'!$B$2:$B$50,'6_3nf_branch_history'!$A$2:$A$50,T9,'6_3nf_branch_history'!$B$2:$B$50,"<="&L9)) | V9: =IF(U9="NOT FOUND","NOT FOUND",INDEX('6_3nf_branch_history'!$C:$C,SUMPRODUCT(('6_3nf_branch_history'!$A$2:$A$50=T9)*('6_3nf_branch_history'!$B$2:$B$50=U9)*ROW('6_3nf_branch_history'!$A$2:$A$50)))) | W9: =IF(U9="NOT FOUND","NOT FOUND",INDEX('6_3nf_branch_history'!$D:$D,SUMPRODUCT(('6_3nf_branch_history'!$A$2:$A$50=T9)*('6_3nf_branch_history'!$B$2:$B$50=U9)*ROW('6_3nf_branch_history'!$A$2:$A$50)))) | X9: =IF(U9="NOT FOUND","NOT FOUND",INDEX('6_3nf_branch_history'!$E:$E,SUMPRODUCT(('6_3nf_branch_history'!$A$2:$A$50=T9)*('6_3nf_branch_history'!$B$2:$B$50=U9)*ROW('6_3nf_branch_history'!$A$2:$A$50)))) | Y9: =UPPER(TRIM(D9)) | Z9: =IFERROR(INDEX('7_3nf_product'!$B:$B,MATCH(Y9,'7_3nf_product'!$A:$A,0)),"NOT FOUND") | AA9: =IFERROR(INDEX('7_3nf_product'!$C:$C,MATCH(Y9,'7_3nf_product'!$A:$A,0)),"NOT FOUND") | AB9: =IFERROR(INDEX('7_3nf_product'!$D:$D,MATCH(Y9,'7_3nf_product'!$A:$A,0)),"NOT FOUND") | AC9: =IFERROR(INDEX('7_3nf_product'!$E:$E,MATCH(Y9,'7_3nf_product'!$A:$A,0)),"NOT FOUND") | AD9: =IF(LEN(TRIM(E9))=10,TRIM(E9),IF(LEN(TRIM(E9))=8,"00"&TRIM(E9),"CHECK")) | AE9: =IFERROR(INDEX('8_3nf_customer'!$C:$C,MATCH(AD9,'8_3nf_customer'!$B:$B,0)),"NOT FOUND") | AF9: =IFERROR(INDEX('8_3nf_customer'!$D:$D,MATCH(AD9,'8_3nf_customer'!$B:$B,0)),"NOT FOUND") | AG9: =IF(ISNUMBER(AF9),DATEDIF(AF9,L9,"y"),"NOT FOUND") | AH9: =IFERROR(INDEX('8_3nf_customer'!$E:$E,MATCH(AD9,'8_3nf_customer'!$B:$B,0)),"NOT FOUND") | AI9: =IF(_xlfn.MAXIFS('9_3nf_customer_history'!$B$2:$B$500,'9_3nf_customer_history'!$A$2:$A$500,AD9,'9_3nf_customer_history'!$B$2:$B$500,"<="&L9)=0,"NOT FOUND",_xlfn.MAXIFS('9_3nf_customer_history'!$B$2:$B$500,'9_3nf_customer_history'!$A$2:$A$500,AD9,'9_3nf_customer_history'!$B$2:$B$500,"<="&L9)) | AJ9: =IF(AI9="NOT FOUND","NOT FOUND",INDEX('9_3nf_customer_history'!$C:$C,SUMPRODUCT(('9_3nf_customer_history'!$A$2:$A$500=AD9)*('9_3nf_customer_history'!$B$2:$B$500=AI9)*ROW('9_3nf_customer_history'!$A$2:$A$500)))) | AK9: =IF(AI9="NOT FOUND","NOT FOUND",INDEX('9_3nf_customer_history'!$D:$D,SUMPRODUCT(('9_3nf_customer_history'!$A$2:$A$500=AD9)*('9_3nf_customer_history'!$B$2:$B$500=AI9)*ROW('9_3nf_customer_history'!$A$2:$A$500)))) | AL9: =UPPER(TRIM(H9)) | AM9: =IF(_xlfn.MAXIFS('10_ref_fx_rate'!$B$2:$B$2000,'10_ref_fx_rate'!$A$2:$A$2000,AL9,'10_ref_fx_rate'!$B$2:$B$2000,"<="&L9)=0,"NOT FOUND",_xlfn.MAXIFS('10_ref_fx_rate'!$B$2:$B$2000,'10_ref_fx_rate'!$A$2:$A$2000,AL9,'10_ref_fx_rate'!$B$2:$B$2000,"<="&L9)) | AN9: =IF(AM9="NOT FOUND","NOT FOUND",SUMIFS('10_ref_fx_rate'!$D$2:$D$2000,'10_ref_fx_rate'!$A$2:$A$2000,AL9,'10_ref_fx_rate'!$B$2:$B$2000,AM9)) | AO9: =IF(ISNUMBER(AN9),I9*AN9,"NOT FOUND") | AP9: =UPPER(TRIM(J9)) | AQ9: =IF(AP9="","SELF-DIRECTED",IF(ISNUMBER(MATCH(AP9,'11_3nf_sales_person'!$A:$A,0)),IF(EXACT(AP9,J9),"OK","OK (auto-fixed)"),IF(ISNA(MATCH($A9,'12_sales_person_confirmation'!$A:$A,0)),"CONFIRM (not logged)",IF(INDEX('12_sales_person_confirmation'!$I:$I,MATCH($A9,'12_sales_person_confirmation'!$A:$A,0))="CONFIRMED","CONFIRMED ("&LOWER(INDEX('12_sales_person_confirmation'!$E:$E,MATCH($A9,'12_sales_person_confirmation'!$A:$A,0)))&")","PENDING CONFIRM")))) | AR9: =IF(OR(AQ9="OK",AQ9="OK (auto-fixed)"),AP9,IF(LEFT(AQ9,9)="CONFIRMED",INDEX('12_sales_person_confirmation'!$F:$F,MATCH($A9,'12_sales_person_confirmation'!$A:$A,0)),"")) | AS9: =IF(AR9="","",INDEX('11_3nf_sales_person'!$B:$B,MATCH(AR9,'11_3nf_sales_person'!$A:$A,0)))
A10: =IF(ISBLANK('1_raw_log'!A10),"",'1_raw_log'!A10) | B10: =IF(ISBLANK('1_raw_log'!B10),"",'1_raw_log'!B10) | C10: =IF(ISBLANK('1_raw_log'!C10),"",'1_raw_log'!C10) | D10: =IF(ISBLANK('1_raw_log'!D10),"",'1_raw_log'!D10) | E10: =IF(ISBLANK('1_raw_log'!E10),"",'1_raw_log'!E10) | F10: =IF(ISBLANK('1_raw_log'!F10),"",'1_raw_log'!F10) | G10: =IF(ISBLANK('1_raw_log'!G10),"",'1_raw_log'!G10) | H10: =IF(ISBLANK('1_raw_log'!H10),"",'1_raw_log'!H10) | ... K10: =IF(ISBLANK('1_raw_log'!K10),"",'1_raw_log'!K10) | L10: =INT(B10) | M10: =ROUND(MOD(B10,1)*1440,0)/1440 | N10: =IFERROR(INDEX('3_ref_date'!$B:$B,MATCH(L10,'3_ref_date'!$A:$A,0)),"NOT FOUND") | O10: =IFERROR(INDEX('3_ref_date'!$C:$C,MATCH(L10,'3_ref_date'!$A:$A,0)),"NOT FOUND") | P10: =IFERROR(INDEX('3_ref_date'!$D:$D,MATCH(L10,'3_ref_date'!$A:$A,0)),"NOT FOUND") | Q10: =IFERROR(INDEX('3_ref_date'!$E:$E,MATCH(L10,'3_ref_date'!$A:$A,0)),"NOT FOUND") | R10: =IFERROR(INDEX('3_ref_date'!$F:$F,MATCH(L10,'3_ref_date'!$A:$A,0)),"NOT FOUND") | S10: =IFERROR(INDEX('4_ref_time'!$D:$D,MATCH(ROUND(M10*1440,0),'4_ref_time'!$A:$A,0)),"NOT FOUND") | T10: =UPPER(TRIM(C10)) | U10: =IF(_xlfn.MAXIFS('6_3nf_branch_history'!$B$2:$B$50,'6_3nf_branch_history'!$A$2:$A$50,T10,'6_3nf_branch_history'!$B$2:$B$50,"<="&L10)=0,"NOT FOUND",_xlfn.MAXIFS('6_3nf_branch_history'!$B$2:$B$50,'6_3nf_branch_history'!$A$2:$A$50,T10,'6_3nf_branch_history'!$B$2:$B$50,"<="&L10)) | V10: =IF(U10="NOT FOUND","NOT FOUND",INDEX('6_3nf_branch_history'!$C:$C,SUMPRODUCT(('6_3nf_branch_history'!$A$2:$A$50=T10)*('6_3nf_branch_history'!$B$2:$B$50=U10)*ROW('6_3nf_branch_history'!$A$2:$A$50)))) | W10: =IF(U10="NOT FOUND","NOT FOUND",INDEX('6_3nf_branch_history'!$D:$D,SUMPRODUCT(('6_3nf_branch_history'!$A$2:$A$50=T10)*('6_3nf_branch_history'!$B$2:$B$50=U10)*ROW('6_3nf_branch_history'!$A$2:$A$50)))) | X10: =IF(U10="NOT FOUND","NOT FOUND",INDEX('6_3nf_branch_history'!$E:$E,SUMPRODUCT(('6_3nf_branch_history'!$A$2:$A$50=T10)*('6_3nf_branch_history'!$B$2:$B$50=U10)*ROW('6_3nf_branch_history'!$A$2:$A$50)))) | Y10: =UPPER(TRIM(D10)) | Z10: =IFERROR(INDEX('7_3nf_product'!$B:$B,MATCH(Y10,'7_3nf_product'!$A:$A,0)),"NOT FOUND") | AA10: =IFERROR(INDEX('7_3nf_product'!$C:$C,MATCH(Y10,'7_3nf_product'!$A:$A,0)),"NOT FOUND") | AB10: =IFERROR(INDEX('7_3nf_product'!$D:$D,MATCH(Y10,'7_3nf_product'!$A:$A,0)),"NOT FOUND") | AC10: =IFERROR(INDEX('7_3nf_product'!$E:$E,MATCH(Y10,'7_3nf_product'!$A:$A,0)),"NOT FOUND") | AD10: =IF(LEN(TRIM(E10))=10,TRIM(E10),IF(LEN(TRIM(E10))=8,"00"&TRIM(E10),"CHECK")) | AE10: =IFERROR(INDEX('8_3nf_customer'!$C:$C,MATCH(AD10,'8_3nf_customer'!$B:$B,0)),"NOT FOUND") | AF10: =IFERROR(INDEX('8_3nf_customer'!$D:$D,MATCH(AD10,'8_3nf_customer'!$B:$B,0)),"NOT FOUND") | AG10: =IF(ISNUMBER(AF10),DATEDIF(AF10,L10,"y"),"NOT FOUND") | AH10: =IFERROR(INDEX('8_3nf_customer'!$E:$E,MATCH(AD10,'8_3nf_customer'!$B:$B,0)),"NOT FOUND") | AI10: =IF(_xlfn.MAXIFS('9_3nf_customer_history'!$B$2:$B$500,'9_3nf_customer_history'!$A$2:$A$500,AD10,'9_3nf_customer_history'!$B$2:$B$500,"<="&L10)=0,"NOT FOUND",_xlfn.MAXIFS('9_3nf_customer_history'!$B$2:$B$500,'9_3nf_customer_history'!$A$2:$A$500,AD10,'9_3nf_customer_history'!$B$2:$B$500,"<="&L10)) | AJ10: =IF(AI10="NOT FOUND","NOT FOUND",INDEX('9_3nf_customer_history'!$C:$C,SUMPRODUCT(('9_3nf_customer_history'!$A$2:$A$500=AD10)*('9_3nf_customer_history'!$B$2:$B$500=AI10)*ROW('9_3nf_customer_history'!$A$2:$A$500)))) | AK10: =IF(AI10="NOT FOUND","NOT FOUND",INDEX('9_3nf_customer_history'!$D:$D,SUMPRODUCT(('9_3nf_customer_history'!$A$2:$A$500=AD10)*('9_3nf_customer_history'!$B$2:$B$500=AI10)*ROW('9_3nf_customer_history'!$A$2:$A$500)))) | AL10: =UPPER(TRIM(H10)) | AM10: =IF(_xlfn.MAXIFS('10_ref_fx_rate'!$B$2:$B$2000,'10_ref_fx_rate'!$A$2:$A$2000,AL10,'10_ref_fx_rate'!$B$2:$B$2000,"<="&L10)=0,"NOT FOUND",_xlfn.MAXIFS('10_ref_fx_rate'!$B$2:$B$2000,'10_ref_fx_rate'!$A$2:$A$2000,AL10,'10_ref_fx_rate'!$B$2:$B$2000,"<="&L10)) | AN10: =IF(AM10="NOT FOUND","NOT FOUND",SUMIFS('10_ref_fx_rate'!$D$2:$D$2000,'10_ref_fx_rate'!$A$2:$A$2000,AL10,'10_ref_fx_rate'!$B$2:$B$2000,AM10)) | AO10: =IF(ISNUMBER(AN10),I10*AN10,"NOT FOUND") | AP10: =UPPER(TRIM(J10)) | AQ10: =IF(AP10="","SELF-DIRECTED",IF(ISNUMBER(MATCH(AP10,'11_3nf_sales_person'!$A:$A,0)),IF(EXACT(AP10,J10),"OK","OK (auto-fixed)"),IF(ISNA(MATCH($A10,'12_sales_person_confirmation'!$A:$A,0)),"CONFIRM (not logged)",IF(INDEX('12_sales_person_confirmation'!$I:$I,MATCH($A10,'12_sales_person_confirmation'!$A:$A,0))="CONFIRMED","CONFIRMED ("&LOWER(INDEX('12_sales_person_confirmation'!$E:$E,MATCH($A10,'12_sales_person_confirmation'!$A:$A,0)))&")","PENDING CONFIRM")))) | AR10: =IF(OR(AQ10="OK",AQ10="OK (auto-fixed)"),AP10,IF(LEFT(AQ10,9)="CONFIRMED",INDEX('12_sales_person_confirmation'!$F:$F,MATCH($A10,'12_sales_person_confirmation'!$A:$A,0)),"")) | AS10: =IF(AR10="","",INDEX('11_3nf_sales_person'!$B:$B,MATCH(AR10,'11_3nf_sales_person'!$A:$A,0)))
A11: =IF(ISBLANK('1_raw_log'!A11),"",'1_raw_log'!A11) | B11: =IF(ISBLANK('1_raw_log'!B11),"",'1_raw_log'!B11) | C11: =IF(ISBLANK('1_raw_log'!C11),"",'1_raw_log'!C11) | D11: =IF(ISBLANK('1_raw_log'!D11),"",'1_raw_log'!D11) | E11: =IF(ISBLANK('1_raw_log'!E11),"",'1_raw_log'!E11) | F11: =IF(ISBLANK('1_raw_log'!F11),"",'1_raw_log'!F11) | G11: =IF(ISBLANK('1_raw_log'!G11),"",'1_raw_log'!G11) | H11: =IF(ISBLANK('1_raw_log'!H11),"",'1_raw_log'!H11) | ... K11: =IF(ISBLANK('1_raw_log'!K11),"",'1_raw_log'!K11) | L11: =INT(B11) | M11: =ROUND(MOD(B11,1)*1440,0)/1440 | N11: =IFERROR(INDEX('3_ref_date'!$B:$B,MATCH(L11,'3_ref_date'!$A:$A,0)),"NOT FOUND") | O11: =IFERROR(INDEX('3_ref_date'!$C:$C,MATCH(L11,'3_ref_date'!$A:$A,0)),"NOT FOUND") | P11: =IFERROR(INDEX('3_ref_date'!$D:$D,MATCH(L11,'3_ref_date'!$A:$A,0)),"NOT FOUND") | Q11: =IFERROR(INDEX('3_ref_date'!$E:$E,MATCH(L11,'3_ref_date'!$A:$A,0)),"NOT FOUND") | R11: =IFERROR(INDEX('3_ref_date'!$F:$F,MATCH(L11,'3_ref_date'!$A:$A,0)),"NOT FOUND") | S11: =IFERROR(INDEX('4_ref_time'!$D:$D,MATCH(ROUND(M11*1440,0),'4_ref_time'!$A:$A,0)),"NOT FOUND") | T11: =UPPER(TRIM(C11)) | U11: =IF(_xlfn.MAXIFS('6_3nf_branch_history'!$B$2:$B$50,'6_3nf_branch_history'!$A$2:$A$50,T11,'6_3nf_branch_history'!$B$2:$B$50,"<="&L11)=0,"NOT FOUND",_xlfn.MAXIFS('6_3nf_branch_history'!$B$2:$B$50,'6_3nf_branch_history'!$A$2:$A$50,T11,'6_3nf_branch_history'!$B$2:$B$50,"<="&L11)) | V11: =IF(U11="NOT FOUND","NOT FOUND",INDEX('6_3nf_branch_history'!$C:$C,SUMPRODUCT(('6_3nf_branch_history'!$A$2:$A$50=T11)*('6_3nf_branch_history'!$B$2:$B$50=U11)*ROW('6_3nf_branch_history'!$A$2:$A$50)))) | W11: =IF(U11="NOT FOUND","NOT FOUND",INDEX('6_3nf_branch_history'!$D:$D,SUMPRODUCT(('6_3nf_branch_history'!$A$2:$A$50=T11)*('6_3nf_branch_history'!$B$2:$B$50=U11)*ROW('6_3nf_branch_history'!$A$2:$A$50)))) | X11: =IF(U11="NOT FOUND","NOT FOUND",INDEX('6_3nf_branch_history'!$E:$E,SUMPRODUCT(('6_3nf_branch_history'!$A$2:$A$50=T11)*('6_3nf_branch_history'!$B$2:$B$50=U11)*ROW('6_3nf_branch_history'!$A$2:$A$50)))) | Y11: =UPPER(TRIM(D11)) | Z11: =IFERROR(INDEX('7_3nf_product'!$B:$B,MATCH(Y11,'7_3nf_product'!$A:$A,0)),"NOT FOUND") | AA11: =IFERROR(INDEX('7_3nf_product'!$C:$C,MATCH(Y11,'7_3nf_product'!$A:$A,0)),"NOT FOUND") | AB11: =IFERROR(INDEX('7_3nf_product'!$D:$D,MATCH(Y11,'7_3nf_product'!$A:$A,0)),"NOT FOUND") | AC11: =IFERROR(INDEX('7_3nf_product'!$E:$E,MATCH(Y11,'7_3nf_product'!$A:$A,0)),"NOT FOUND") | AD11: =IF(LEN(TRIM(E11))=10,TRIM(E11),IF(LEN(TRIM(E11))=8,"00"&TRIM(E11),"CHECK")) | AE11: =IFERROR(INDEX('8_3nf_customer'!$C:$C,MATCH(AD11,'8_3nf_customer'!$B:$B,0)),"NOT FOUND") | AF11: =IFERROR(INDEX('8_3nf_customer'!$D:$D,MATCH(AD11,'8_3nf_customer'!$B:$B,0)),"NOT FOUND") | AG11: =IF(ISNUMBER(AF11),DATEDIF(AF11,L11,"y"),"NOT FOUND") | AH11: =IFERROR(INDEX('8_3nf_customer'!$E:$E,MATCH(AD11,'8_3nf_customer'!$B:$B,0)),"NOT FOUND") | AI11: =IF(_xlfn.MAXIFS('9_3nf_customer_history'!$B$2:$B$500,'9_3nf_customer_history'!$A$2:$A$500,AD11,'9_3nf_customer_history'!$B$2:$B$500,"<="&L11)=0,"NOT FOUND",_xlfn.MAXIFS('9_3nf_customer_history'!$B$2:$B$500,'9_3nf_customer_history'!$A$2:$A$500,AD11,'9_3nf_customer_history'!$B$2:$B$500,"<="&L11)) | AJ11: =IF(AI11="NOT FOUND","NOT FOUND",INDEX('9_3nf_customer_history'!$C:$C,SUMPRODUCT(('9_3nf_customer_history'!$A$2:$A$500=AD11)*('9_3nf_customer_history'!$B$2:$B$500=AI11)*ROW('9_3nf_customer_history'!$A$2:$A$500)))) | AK11: =IF(AI11="NOT FOUND","NOT FOUND",INDEX('9_3nf_customer_history'!$D:$D,SUMPRODUCT(('9_3nf_customer_history'!$A$2:$A$500=AD11)*('9_3nf_customer_history'!$B$2:$B$500=AI11)*ROW('9_3nf_customer_history'!$A$2:$A$500)))) | AL11: =UPPER(TRIM(H11)) | AM11: =IF(_xlfn.MAXIFS('10_ref_fx_rate'!$B$2:$B$2000,'10_ref_fx_rate'!$A$2:$A$2000,AL11,'10_ref_fx_rate'!$B$2:$B$2000,"<="&L11)=0,"NOT FOUND",_xlfn.MAXIFS('10_ref_fx_rate'!$B$2:$B$2000,'10_ref_fx_rate'!$A$2:$A$2000,AL11,'10_ref_fx_rate'!$B$2:$B$2000,"<="&L11)) | AN11: =IF(AM11="NOT FOUND","NOT FOUND",SUMIFS('10_ref_fx_rate'!$D$2:$D$2000,'10_ref_fx_rate'!$A$2:$A$2000,AL11,'10_ref_fx_rate'!$B$2:$B$2000,AM11)) | AO11: =IF(ISNUMBER(AN11),I11*AN11,"NOT FOUND") | AP11: =UPPER(TRIM(J11)) | AQ11: =IF(AP11="","SELF-DIRECTED",IF(ISNUMBER(MATCH(AP11,'11_3nf_sales_person'!$A:$A,0)),IF(EXACT(AP11,J11),"OK","OK (auto-fixed)"),IF(ISNA(MATCH($A11,'12_sales_person_confirmation'!$A:$A,0)),"CONFIRM (not logged)",IF(INDEX('12_sales_person_confirmation'!$I:$I,MATCH($A11,'12_sales_person_confirmation'!$A:$A,0))="CONFIRMED","CONFIRMED ("&LOWER(INDEX('12_sales_person_confirmation'!$E:$E,MATCH($A11,'12_sales_person_confirmation'!$A:$A,0)))&")","PENDING CONFIRM")))) | AR11: =IF(OR(AQ11="OK",AQ11="OK (auto-fixed)"),AP11,IF(LEFT(AQ11,9)="CONFIRMED",INDEX('12_sales_person_confirmation'!$F:$F,MATCH($A11,'12_sales_person_confirmation'!$A:$A,0)),"")) | AS11: =IF(AR11="","",INDEX('11_3nf_sales_person'!$B:$B,MATCH(AR11,'11_3nf_sales_person'!$A:$A,0)))
A12: =IF(ISBLANK('1_raw_log'!A12),"",'1_raw_log'!A12) | B12: =IF(ISBLANK('1_raw_log'!B12),"",'1_raw_log'!B12) | C12: =IF(ISBLANK('1_raw_log'!C12),"",'1_raw_log'!C12) | D12: =IF(ISBLANK('1_raw_log'!D12),"",'1_raw_log'!D12) | E12: =IF(ISBLANK('1_raw_log'!E12),"",'1_raw_log'!E12) | F12: =IF(ISBLANK('1_raw_log'!F12),"",'1_raw_log'!F12) | G12: =IF(ISBLANK('1_raw_log'!G12),"",'1_raw_log'!G12) | H12: =IF(ISBLANK('1_raw_log'!H12),"",'1_raw_log'!H12) | ... K12: =IF(ISBLANK('1_raw_log'!K12),"",'1_raw_log'!K12) | L12: =INT(B12) | M12: =ROUND(MOD(B12,1)*1440,0)/1440 | N12: =IFERROR(INDEX('3_ref_date'!$B:$B,MATCH(L12,'3_ref_date'!$A:$A,0)),"NOT FOUND") | O12: =IFERROR(INDEX('3_ref_date'!$C:$C,MATCH(L12,'3_ref_date'!$A:$A,0)),"NOT FOUND") | P12: =IFERROR(INDEX('3_ref_date'!$D:$D,MATCH(L12,'3_ref_date'!$A:$A,0)),"NOT FOUND") | Q12: =IFERROR(INDEX('3_ref_date'!$E:$E,MATCH(L12,'3_ref_date'!$A:$A,0)),"NOT FOUND") | R12: =IFERROR(INDEX('3_ref_date'!$F:$F,MATCH(L12,'3_ref_date'!$A:$A,0)),"NOT FOUND") | S12: =IFERROR(INDEX('4_ref_time'!$D:$D,MATCH(ROUND(M12*1440,0),'4_ref_time'!$A:$A,0)),"NOT FOUND") | T12: =UPPER(TRIM(C12)) | U12: =IF(_xlfn.MAXIFS('6_3nf_branch_history'!$B$2:$B$50,'6_3nf_branch_history'!$A$2:$A$50,T12,'6_3nf_branch_history'!$B$2:$B$50,"<="&L12)=0,"NOT FOUND",_xlfn.MAXIFS('6_3nf_branch_history'!$B$2:$B$50,'6_3nf_branch_history'!$A$2:$A$50,T12,'6_3nf_branch_history'!$B$2:$B$50,"<="&L12)) | V12: =IF(U12="NOT FOUND","NOT FOUND",INDEX('6_3nf_branch_history'!$C:$C,SUMPRODUCT(('6_3nf_branch_history'!$A$2:$A$50=T12)*('6_3nf_branch_history'!$B$2:$B$50=U12)*ROW('6_3nf_branch_history'!$A$2:$A$50)))) | W12: =IF(U12="NOT FOUND","NOT FOUND",INDEX('6_3nf_branch_history'!$D:$D,SUMPRODUCT(('6_3nf_branch_history'!$A$2:$A$50=T12)*('6_3nf_branch_history'!$B$2:$B$50=U12)*ROW('6_3nf_branch_history'!$A$2:$A$50)))) | X12: =IF(U12="NOT FOUND","NOT FOUND",INDEX('6_3nf_branch_history'!$E:$E,SUMPRODUCT(('6_3nf_branch_history'!$A$2:$A$50=T12)*('6_3nf_branch_history'!$B$2:$B$50=U12)*ROW('6_3nf_branch_history'!$A$2:$A$50)))) | Y12: =UPPER(TRIM(D12)) | Z12: =IFERROR(INDEX('7_3nf_product'!$B:$B,MATCH(Y12,'7_3nf_product'!$A:$A,0)),"NOT FOUND") | AA12: =IFERROR(INDEX('7_3nf_product'!$C:$C,MATCH(Y12,'7_3nf_product'!$A:$A,0)),"NOT FOUND") | AB12: =IFERROR(INDEX('7_3nf_product'!$D:$D,MATCH(Y12,'7_3nf_product'!$A:$A,0)),"NOT FOUND") | AC12: =IFERROR(INDEX('7_3nf_product'!$E:$E,MATCH(Y12,'7_3nf_product'!$A:$A,0)),"NOT FOUND") | AD12: =IF(LEN(TRIM(E12))=10,TRIM(E12),IF(LEN(TRIM(E12))=8,"00"&TRIM(E12),"CHECK")) | AE12: =IFERROR(INDEX('8_3nf_customer'!$C:$C,MATCH(AD12,'8_3nf_customer'!$B:$B,0)),"NOT FOUND") | AF12: =IFERROR(INDEX('8_3nf_customer'!$D:$D,MATCH(AD12,'8_3nf_customer'!$B:$B,0)),"NOT FOUND") | AG12: =IF(ISNUMBER(AF12),DATEDIF(AF12,L12,"y"),"NOT FOUND") | AH12: =IFERROR(INDEX('8_3nf_customer'!$E:$E,MATCH(AD12,'8_3nf_customer'!$B:$B,0)),"NOT FOUND") | AI12: =IF(_xlfn.MAXIFS('9_3nf_customer_history'!$B$2:$B$500,'9_3nf_customer_history'!$A$2:$A$500,AD12,'9_3nf_customer_history'!$B$2:$B$500,"<="&L12)=0,"NOT FOUND",_xlfn.MAXIFS('9_3nf_customer_history'!$B$2:$B$500,'9_3nf_customer_history'!$A$2:$A$500,AD12,'9_3nf_customer_history'!$B$2:$B$500,"<="&L12)) | AJ12: =IF(AI12="NOT FOUND","NOT FOUND",INDEX('9_3nf_customer_history'!$C:$C,SUMPRODUCT(('9_3nf_customer_history'!$A$2:$A$500=AD12)*('9_3nf_customer_history'!$B$2:$B$500=AI12)*ROW('9_3nf_customer_history'!$A$2:$A$500)))) | AK12: =IF(AI12="NOT FOUND","NOT FOUND",INDEX('9_3nf_customer_history'!$D:$D,SUMPRODUCT(('9_3nf_customer_history'!$A$2:$A$500=AD12)*('9_3nf_customer_history'!$B$2:$B$500=AI12)*ROW('9_3nf_customer_history'!$A$2:$A$500)))) | AL12: =UPPER(TRIM(H12)) | AM12: =IF(_xlfn.MAXIFS('10_ref_fx_rate'!$B$2:$B$2000,'10_ref_fx_rate'!$A$2:$A$2000,AL12,'10_ref_fx_rate'!$B$2:$B$2000,"<="&L12)=0,"NOT FOUND",_xlfn.MAXIFS('10_ref_fx_rate'!$B$2:$B$2000,'10_ref_fx_rate'!$A$2:$A$2000,AL12,'10_ref_fx_rate'!$B$2:$B$2000,"<="&L12)) | AN12: =IF(AM12="NOT FOUND","NOT FOUND",SUMIFS('10_ref_fx_rate'!$D$2:$D$2000,'10_ref_fx_rate'!$A$2:$A$2000,AL12,'10_ref_fx_rate'!$B$2:$B$2000,AM12)) | AO12: =IF(ISNUMBER(AN12),I12*AN12,"NOT FOUND") | AP12: =UPPER(TRIM(J12)) | AQ12: =IF(AP12="","SELF-DIRECTED",IF(ISNUMBER(MATCH(AP12,'11_3nf_sales_person'!$A:$A,0)),IF(EXACT(AP12,J12),"OK","OK (auto-fixed)"),IF(ISNA(MATCH($A12,'12_sales_person_confirmation'!$A:$A,0)),"CONFIRM (not logged)",IF(INDEX('12_sales_person_confirmation'!$I:$I,MATCH($A12,'12_sales_person_confirmation'!$A:$A,0))="CONFIRMED","CONFIRMED ("&LOWER(INDEX('12_sales_person_confirmation'!$E:$E,MATCH($A12,'12_sales_person_confirmation'!$A:$A,0)))&")","PENDING CONFIRM")))) | AR12: =IF(OR(AQ12="OK",AQ12="OK (auto-fixed)"),AP12,IF(LEFT(AQ12,9)="CONFIRMED",INDEX('12_sales_person_confirmation'!$F:$F,MATCH($A12,'12_sales_person_confirmation'!$A:$A,0)),"")) | AS12: =IF(AR12="","",INDEX('11_3nf_sales_person'!$B:$B,MATCH(AR12,'11_3nf_sales_person'!$A:$A,0)))
A13: =IF(ISBLANK('1_raw_log'!A13),"",'1_raw_log'!A13) | B13: =IF(ISBLANK('1_raw_log'!B13),"",'1_raw_log'!B13) | C13: =IF(ISBLANK('1_raw_log'!C13),"",'1_raw_log'!C13) | D13: =IF(ISBLANK('1_raw_log'!D13),"",'1_raw_log'!D13) | E13: =IF(ISBLANK('1_raw_log'!E13),"",'1_raw_log'!E13) | F13: =IF(ISBLANK('1_raw_log'!F13),"",'1_raw_log'!F13) | G13: =IF(ISBLANK('1_raw_log'!G13),"",'1_raw_log'!G13) | H13: =IF(ISBLANK('1_raw_log'!H13),"",'1_raw_log'!H13) | ... K13: =IF(ISBLANK('1_raw_log'!K13),"",'1_raw_log'!K13) | L13: =INT(B13) | M13: =ROUND(MOD(B13,1)*1440,0)/1440 | N13: =IFERROR(INDEX('3_ref_date'!$B:$B,MATCH(L13,'3_ref_date'!$A:$A,0)),"NOT FOUND") | O13: =IFERROR(INDEX('3_ref_date'!$C:$C,MATCH(L13,'3_ref_date'!$A:$A,0)),"NOT FOUND") | P13: =IFERROR(INDEX('3_ref_date'!$D:$D,MATCH(L13,'3_ref_date'!$A:$A,0)),"NOT FOUND") | Q13: =IFERROR(INDEX('3_ref_date'!$E:$E,MATCH(L13,'3_ref_date'!$A:$A,0)),"NOT FOUND") | R13: =IFERROR(INDEX('3_ref_date'!$F:$F,MATCH(L13,'3_ref_date'!$A:$A,0)),"NOT FOUND") | S13: =IFERROR(INDEX('4_ref_time'!$D:$D,MATCH(ROUND(M13*1440,0),'4_ref_time'!$A:$A,0)),"NOT FOUND") | T13: =UPPER(TRIM(C13)) | U13: =IF(_xlfn.MAXIFS('6_3nf_branch_history'!$B$2:$B$50,'6_3nf_branch_history'!$A$2:$A$50,T13,'6_3nf_branch_history'!$B$2:$B$50,"<="&L13)=0,"NOT FOUND",_xlfn.MAXIFS('6_3nf_branch_history'!$B$2:$B$50,'6_3nf_branch_history'!$A$2:$A$50,T13,'6_3nf_branch_history'!$B$2:$B$50,"<="&L13)) | V13: =IF(U13="NOT FOUND","NOT FOUND",INDEX('6_3nf_branch_history'!$C:$C,SUMPRODUCT(('6_3nf_branch_history'!$A$2:$A$50=T13)*('6_3nf_branch_history'!$B$2:$B$50=U13)*ROW('6_3nf_branch_history'!$A$2:$A$50)))) | W13: =IF(U13="NOT FOUND","NOT FOUND",INDEX('6_3nf_branch_history'!$D:$D,SUMPRODUCT(('6_3nf_branch_history'!$A$2:$A$50=T13)*('6_3nf_branch_history'!$B$2:$B$50=U13)*ROW('6_3nf_branch_history'!$A$2:$A$50)))) | X13: =IF(U13="NOT FOUND","NOT FOUND",INDEX('6_3nf_branch_history'!$E:$E,SUMPRODUCT(('6_3nf_branch_history'!$A$2:$A$50=T13)*('6_3nf_branch_history'!$B$2:$B$50=U13)*ROW('6_3nf_branch_history'!$A$2:$A$50)))) | Y13: =UPPER(TRIM(D13)) | Z13: =IFERROR(INDEX('7_3nf_product'!$B:$B,MATCH(Y13,'7_3nf_product'!$A:$A,0)),"NOT FOUND") | AA13: =IFERROR(INDEX('7_3nf_product'!$C:$C,MATCH(Y13,'7_3nf_product'!$A:$A,0)),"NOT FOUND") | AB13: =IFERROR(INDEX('7_3nf_product'!$D:$D,MATCH(Y13,'7_3nf_product'!$A:$A,0)),"NOT FOUND") | AC13: =IFERROR(INDEX('7_3nf_product'!$E:$E,MATCH(Y13,'7_3nf_product'!$A:$A,0)),"NOT FOUND") | AD13: =IF(LEN(TRIM(E13))=10,TRIM(E13),IF(LEN(TRIM(E13))=8,"00"&TRIM(E13),"CHECK")) | AE13: =IFERROR(INDEX('8_3nf_customer'!$C:$C,MATCH(AD13,'8_3nf_customer'!$B:$B,0)),"NOT FOUND") | AF13: =IFERROR(INDEX('8_3nf_customer'!$D:$D,MATCH(AD13,'8_3nf_customer'!$B:$B,0)),"NOT FOUND") | AG13: =IF(ISNUMBER(AF13),DATEDIF(AF13,L13,"y"),"NOT FOUND") | AH13: =IFERROR(INDEX('8_3nf_customer'!$E:$E,MATCH(AD13,'8_3nf_customer'!$B:$B,0)),"NOT FOUND") | AI13: =IF(_xlfn.MAXIFS('9_3nf_customer_history'!$B$2:$B$500,'9_3nf_customer_history'!$A$2:$A$500,AD13,'9_3nf_customer_history'!$B$2:$B$500,"<="&L13)=0,"NOT FOUND",_xlfn.MAXIFS('9_3nf_customer_history'!$B$2:$B$500,'9_3nf_customer_history'!$A$2:$A$500,AD13,'9_3nf_customer_history'!$B$2:$B$500,"<="&L13)) | AJ13: =IF(AI13="NOT FOUND","NOT FOUND",INDEX('9_3nf_customer_history'!$C:$C,SUMPRODUCT(('9_3nf_customer_history'!$A$2:$A$500=AD13)*('9_3nf_customer_history'!$B$2:$B$500=AI13)*ROW('9_3nf_customer_history'!$A$2:$A$500)))) | AK13: =IF(AI13="NOT FOUND","NOT FOUND",INDEX('9_3nf_customer_history'!$D:$D,SUMPRODUCT(('9_3nf_customer_history'!$A$2:$A$500=AD13)*('9_3nf_customer_history'!$B$2:$B$500=AI13)*ROW('9_3nf_customer_history'!$A$2:$A$500)))) | AL13: =UPPER(TRIM(H13)) | AM13: =IF(_xlfn.MAXIFS('10_ref_fx_rate'!$B$2:$B$2000,'10_ref_fx_rate'!$A$2:$A$2000,AL13,'10_ref_fx_rate'!$B$2:$B$2000,"<="&L13)=0,"NOT FOUND",_xlfn.MAXIFS('10_ref_fx_rate'!$B$2:$B$2000,'10_ref_fx_rate'!$A$2:$A$2000,AL13,'10_ref_fx_rate'!$B$2:$B$2000,"<="&L13)) | AN13: =IF(AM13="NOT FOUND","NOT FOUND",SUMIFS('10_ref_fx_rate'!$D$2:$D$2000,'10_ref_fx_rate'!$A$2:$A$2000,AL13,'10_ref_fx_rate'!$B$2:$B$2000,AM13)) | AO13: =IF(ISNUMBER(AN13),I13*AN13,"NOT FOUND") | AP13: =UPPER(TRIM(J13)) | AQ13: =IF(AP13="","SELF-DIRECTED",IF(ISNUMBER(MATCH(AP13,'11_3nf_sales_person'!$A:$A,0)),IF(EXACT(AP13,J13),"OK","OK (auto-fixed)"),IF(ISNA(MATCH($A13,'12_sales_person_confirmation'!$A:$A,0)),"CONFIRM (not logged)",IF(INDEX('12_sales_person_confirmation'!$I:$I,MATCH($A13,'12_sales_person_confirmation'!$A:$A,0))="CONFIRMED","CONFIRMED ("&LOWER(INDEX('12_sales_person_confirmation'!$E:$E,MATCH($A13,'12_sales_person_confirmation'!$A:$A,0)))&")","PENDING CONFIRM")))) | AR13: =IF(OR(AQ13="OK",AQ13="OK (auto-fixed)"),AP13,IF(LEFT(AQ13,9)="CONFIRMED",INDEX('12_sales_person_confirmation'!$F:$F,MATCH($A13,'12_sales_person_confirmation'!$A:$A,0)),"")) | AS13: =IF(AR13="","",INDEX('11_3nf_sales_person'!$B:$B,MATCH(AR13,'11_3nf_sales_person'!$A:$A,0)))
... A501: =IF(ISBLANK('1_raw_log'!A501),"",'1_raw_log'!A501) | B501: =IF(ISBLANK('1_raw_log'!B501),"",'1_raw_log'!B501) | C501: =IF(ISBLANK('1_raw_log'!C501),"",'1_raw_log'!C501) | D501: =IF(ISBLANK('1_raw_log'!D501),"",'1_raw_log'!D501) | E501: =IF(ISBLANK('1_raw_log'!E501),"",'1_raw_log'!E501) | F501: =IF(ISBLANK('1_raw_log'!F501),"",'1_raw_log'!F501) | G501: =IF(ISBLANK('1_raw_log'!G501),"",'1_raw_log'!G501) | H501: =IF(ISBLANK('1_raw_log'!H501),"",'1_raw_log'!H501) | ... K501: =IF(ISBLANK('1_raw_log'!K501),"",'1_raw_log'!K501) | L501: =INT(B501) | M501: =ROUND(MOD(B501,1)*1440,0)/1440 | N501: =IFERROR(INDEX('3_ref_date'!$B:$B,MATCH(L501,'3_ref_date'!$A:$A,0)),"NOT FOUND") | O501: =IFERROR(INDEX('3_ref_date'!$C:$C,MATCH(L501,'3_ref_date'!$A:$A,0)),"NOT FOUND") | P501: =IFERROR(INDEX('3_ref_date'!$D:$D,MATCH(L501,'3_ref_date'!$A:$A,0)),"NOT FOUND") | Q501: =IFERROR(INDEX('3_ref_date'!$E:$E,MATCH(L501,'3_ref_date'!$A:$A,0)),"NOT FOUND") | R501: =IFERROR(INDEX('3_ref_date'!$F:$F,MATCH(L501,'3_ref_date'!$A:$A,0)),"NOT FOUND") | S501: =IFERROR(INDEX('4_ref_time'!$D:$D,MATCH(ROUND(M501*1440,0),'4_ref_time'!$A:$A,0)),"NOT FOUND") | T501: =UPPER(TRIM(C501)) | U501: =IF(_xlfn.MAXIFS('6_3nf_branch_history'!$B$2:$B$50,'6_3nf_branch_history'!$A$2:$A$50,T501,'6_3nf_branch_history'!$B$2:$B$50,"<="&L501)=0,"NOT FOUND",_xlfn.MAXIFS('6_3nf_branch_history'!$B$2:$B$50,'6_3nf_branch_history'!$A$2:$A$50,T501,'6_3nf_branch_history'!$B$2:$B$50,"<="&L501)) | V501: =IF(U501="NOT FOUND","NOT FOUND",INDEX('6_3nf_branch_history'!$C:$C,SUMPRODUCT(('6_3nf_branch_history'!$A$2:$A$50=T501)*('6_3nf_branch_history'!$B$2:$B$50=U501)*ROW('6_3nf_branch_history'!$A$2:$A$50)))) | W501: =IF(U501="NOT FOUND","NOT FOUND",INDEX('6_3nf_branch_history'!$D:$D,SUMPRODUCT(('6_3nf_branch_history'!$A$2:$A$50=T501)*('6_3nf_branch_history'!$B$2:$B$50=U501)*ROW('6_3nf_branch_history'!$A$2:$A$50)))) | X501: =IF(U501="NOT FOUND","NOT FOUND",INDEX('6_3nf_branch_history'!$E:$E,SUMPRODUCT(('6_3nf_branch_history'!$A$2:$A$50=T501)*('6_3nf_branch_history'!$B$2:$B$50=U501)*ROW('6_3nf_branch_history'!$A$2:$A$50)))) | Y501: =UPPER(TRIM(D501)) | Z501: =IFERROR(INDEX('7_3nf_product'!$B:$B,MATCH(Y501,'7_3nf_product'!$A:$A,0)),"NOT FOUND") | AA501: =IFERROR(INDEX('7_3nf_product'!$C:$C,MATCH(Y501,'7_3nf_product'!$A:$A,0)),"NOT FOUND") | AB501: =IFERROR(INDEX('7_3nf_product'!$D:$D,MATCH(Y501,'7_3nf_product'!$A:$A,0)),"NOT FOUND") | AC501: =IFERROR(INDEX('7_3nf_product'!$E:$E,MATCH(Y501,'7_3nf_product'!$A:$A,0)),"NOT FOUND") | AD501: =IF(LEN(TRIM(E501))=10,TRIM(E501),IF(LEN(TRIM(E501))=8,"00"&TRIM(E501),"CHECK")) | AE501: =IFERROR(INDEX('8_3nf_customer'!$C:$C,MATCH(AD501,'8_3nf_customer'!$B:$B,0)),"NOT FOUND") | AF501: =IFERROR(INDEX('8_3nf_customer'!$D:$D,MATCH(AD501,'8_3nf_customer'!$B:$B,0)),"NOT FOUND") | AG501: =IF(ISNUMBER(AF501),DATEDIF(AF501,L501,"y"),"NOT FOUND") | AH501: =IFERROR(INDEX('8_3nf_customer'!$E:$E,MATCH(AD501,'8_3nf_customer'!$B:$B,0)),"NOT FOUND") | AI501: =IF(_xlfn.MAXIFS('9_3nf_customer_history'!$B$2:$B$500,'9_3nf_customer_history'!$A$2:$A$500,AD501,'9_3nf_customer_history'!$B$2:$B$500,"<="&L501)=0,"NOT FOUND",_xlfn.MAXIFS('9_3nf_customer_history'!$B$2:$B$500,'9_3nf_customer_history'!$A$2:$A$500,AD501,'9_3nf_customer_history'!$B$2:$B$500,"<="&L501)) | AJ501: =IF(AI501="NOT FOUND","NOT FOUND",INDEX('9_3nf_customer_history'!$C:$C,SUMPRODUCT(('9_3nf_customer_history'!$A$2:$A$500=AD501)*('9_3nf_customer_history'!$B$2:$B$500=AI501)*ROW('9_3nf_customer_history'!$A$2:$A$500)))) | AK501: =IF(AI501="NOT FOUND","NOT FOUND",INDEX('9_3nf_customer_history'!$D:$D,SUMPRODUCT(('9_3nf_customer_history'!$A$2:$A$500=AD501)*('9_3nf_customer_history'!$B$2:$B$500=AI501)*ROW('9_3nf_customer_history'!$A$2:$A$500)))) | AL501: =UPPER(TRIM(H501)) | AM501: =IF(_xlfn.MAXIFS('10_ref_fx_rate'!$B$2:$B$2000,'10_ref_fx_rate'!$A$2:$A$2000,AL501,'10_ref_fx_rate'!$B$2:$B$2000,"<="&L501)=0,"NOT FOUND",_xlfn.MAXIFS('10_ref_fx_rate'!$B$2:$B$2000,'10_ref_fx_rate'!$A$2:$A$2000,AL501,'10_ref_fx_rate'!$B$2:$B$2000,"<="&L501)) | AN501: =IF(AM501="NOT FOUND","NOT FOUND",SUMIFS('10_ref_fx_rate'!$D$2:$D$2000,'10_ref_fx_rate'!$A$2:$A$2000,AL501,'10_ref_fx_rate'!$B$2:$B$2000,AM501)) | AO501: =IF(ISNUMBER(AN501),I501*AN501,"NOT FOUND") | AP501: =UPPER(TRIM(J501)) | AQ501: =IF(AP501="","SELF-DIRECTED",IF(ISNUMBER(MATCH(AP501,'11_3nf_sales_person'!$A:$A,0)),IF(EXACT(AP501,J501),"OK","OK (auto-fixed)"),IF(ISNA(MATCH($A501,'12_sales_person_confirmation'!$A:$A,0)),"CONFIRM (not logged)",IF(INDEX('12_sales_person_confirmation'!$I:$I,MATCH($A501,'12_sales_person_confirmation'!$A:$A,0))="CONFIRMED","CONFIRMED ("&LOWER(INDEX('12_sales_person_confirmation'!$E:$E,MATCH($A501,'12_sales_person_confirmation'!$A:$A,0)))&")","PENDING CONFIRM")))) | AR501: =IF(OR(AQ501="OK",AQ501="OK (auto-fixed)"),AP501,IF(LEFT(AQ501,9)="CONFIRMED",INDEX('12_sales_person_confirmation'!$F:$F,MATCH($A501,'12_sales_person_confirmation'!$A:$A,0)),"")) | AS501: =IF(AR501="","",INDEX('11_3nf_sales_person'!$B:$B,MATCH(AR501,'11_3nf_sales_person'!$A:$A,0)))

Sheet 3_ref_date
A1: date (PK) | B1: year | C1: quarter | D1: month | E1: iso_week | F1: weekday
A2: =INT(MIN('1_raw_log'!$B:$B)) | B2: =IF(A2="","",YEAR(A2)) | C2: =IF(A2="","","Q"&ROUNDUP(MONTH(A2)/3,0)) | D2: =IF(A2="","",MONTH(A2)) | E2: =IF(A2="","",_xlfn.ISOWEEKNUM(A2)) | F2: =IF(A2="","",TEXT(A2,"ddd")) | H2: Date reference: one row per calendar day. Every date attribute is calculated once, here, from the date.
A3: =IF(A2="","",IF(A2+1>INT(MAX('1_raw_log'!$B:$B)),"",A2+1)) | B3: =IF(A3="","",YEAR(A3)) | C3: =IF(A3="","","Q"&ROUNDUP(MONTH(A3)/3,0)) | D3: =IF(A3="","",MONTH(A3)) | E3: =IF(A3="","",_xlfn.ISOWEEKNUM(A3)) | F3: =IF(A3="","",TEXT(A3,"ddd")) | H3: The first date is the earliest sale in 1_raw_log; each following row is the previous date + 1, until the latest sale.
A4: =IF(A3="","",IF(A3+1>INT(MAX('1_raw_log'!$B:$B)),"",A3+1)) | B4: =IF(A4="","",YEAR(A4)) | C4: =IF(A4="","","Q"&ROUNDUP(MONTH(A4)/3,0)) | D4: =IF(A4="","",MONTH(A4)) | E4: =IF(A4="","",_xlfn.ISOWEEKNUM(A4)) | F4: =IF(A4="","",TEXT(A4,"ddd")) | H4: So the calendar grows with new data (rows prepared up to row 401 = 400 days; extend when needed).
A5: =IF(A4="","",IF(A4+1>INT(MAX('1_raw_log'!$B:$B)),"",A4+1)) | B5: =IF(A5="","",YEAR(A5)) | C5: =IF(A5="","","Q"&ROUNDUP(MONTH(A5)/3,0)) | D5: =IF(A5="","",MONTH(A5)) | E5: =IF(A5="","",_xlfn.ISOWEEKNUM(A5)) | F5: =IF(A5="","",TEXT(A5,"ddd")) | H5: Other tables only find their date and look attributes up, so year/quarter/week are defined the same way everywhere.
A6: =IF(A5="","",IF(A5+1>INT(MAX('1_raw_log'!$B:$B)),"",A5+1)) | B6: =IF(A6="","",YEAR(A6)) | C6: =IF(A6="","","Q"&ROUNDUP(MONTH(A6)/3,0)) | D6: =IF(A6="","",MONTH(A6)) | E6: =IF(A6="","",_xlfn.ISOWEEKNUM(A6)) | F6: =IF(A6="","",TEXT(A6,"ddd"))
A7: =IF(A6="","",IF(A6+1>INT(MAX('1_raw_log'!$B:$B)),"",A6+1)) | B7: =IF(A7="","",YEAR(A7)) | C7: =IF(A7="","","Q"&ROUNDUP(MONTH(A7)/3,0)) | D7: =IF(A7="","",MONTH(A7)) | E7: =IF(A7="","",_xlfn.ISOWEEKNUM(A7)) | F7: =IF(A7="","",TEXT(A7,"ddd"))
A8: =IF(A7="","",IF(A7+1>INT(MAX('1_raw_log'!$B:$B)),"",A7+1)) | B8: =IF(A8="","",YEAR(A8)) | C8: =IF(A8="","","Q"&ROUNDUP(MONTH(A8)/3,0)) | D8: =IF(A8="","",MONTH(A8)) | E8: =IF(A8="","",_xlfn.ISOWEEKNUM(A8)) | F8: =IF(A8="","",TEXT(A8,"ddd"))
A9: =IF(A8="","",IF(A8+1>INT(MAX('1_raw_log'!$B:$B)),"",A8+1)) | B9: =IF(A9="","",YEAR(A9)) | C9: =IF(A9="","","Q"&ROUNDUP(MONTH(A9)/3,0)) | D9: =IF(A9="","",MONTH(A9)) | E9: =IF(A9="","",_xlfn.ISOWEEKNUM(A9)) | F9: =IF(A9="","",TEXT(A9,"ddd"))
A10: =IF(A9="","",IF(A9+1>INT(MAX('1_raw_log'!$B:$B)),"",A9+1)) | B10: =IF(A10="","",YEAR(A10)) | C10: =IF(A10="","","Q"&ROUNDUP(MONTH(A10)/3,0)) | D10: =IF(A10="","",MONTH(A10)) | E10: =IF(A10="","",_xlfn.ISOWEEKNUM(A10)) | F10: =IF(A10="","",TEXT(A10,"ddd"))
A11: =IF(A10="","",IF(A10+1>INT(MAX('1_raw_log'!$B:$B)),"",A10+1)) | B11: =IF(A11="","",YEAR(A11)) | C11: =IF(A11="","","Q"&ROUNDUP(MONTH(A11)/3,0)) | D11: =IF(A11="","",MONTH(A11)) | E11: =IF(A11="","",_xlfn.ISOWEEKNUM(A11)) | F11: =IF(A11="","",TEXT(A11,"ddd"))
A12: =IF(A11="","",IF(A11+1>INT(MAX('1_raw_log'!$B:$B)),"",A11+1)) | B12: =IF(A12="","",YEAR(A12)) | C12: =IF(A12="","","Q"&ROUNDUP(MONTH(A12)/3,0)) | D12: =IF(A12="","",MONTH(A12)) | E12: =IF(A12="","",_xlfn.ISOWEEKNUM(A12)) | F12: =IF(A12="","",TEXT(A12,"ddd"))
A13: =IF(A12="","",IF(A12+1>INT(MAX('1_raw_log'!$B:$B)),"",A12+1)) | B13: =IF(A13="","",YEAR(A13)) | C13: =IF(A13="","","Q"&ROUNDUP(MONTH(A13)/3,0)) | D13: =IF(A13="","",MONTH(A13)) | E13: =IF(A13="","",_xlfn.ISOWEEKNUM(A13)) | F13: =IF(A13="","",TEXT(A13,"ddd"))
A14: =IF(A13="","",IF(A13+1>INT(MAX('1_raw_log'!$B:$B)),"",A13+1)) | B14: =IF(A14="","",YEAR(A14)) | C14: =IF(A14="","","Q"&ROUNDUP(MONTH(A14)/3,0)) | D14: =IF(A14="","",MONTH(A14)) | E14: =IF(A14="","",_xlfn.ISOWEEKNUM(A14)) | F14: =IF(A14="","",TEXT(A14,"ddd"))
A15: =IF(A14="","",IF(A14+1>INT(MAX('1_raw_log'!$B:$B)),"",A14+1)) | B15: =IF(A15="","",YEAR(A15)) | C15: =IF(A15="","","Q"&ROUNDUP(MONTH(A15)/3,0)) | D15: =IF(A15="","",MONTH(A15)) | E15: =IF(A15="","",_xlfn.ISOWEEKNUM(A15)) | F15: =IF(A15="","",TEXT(A15,"ddd"))
A16: =IF(A15="","",IF(A15+1>INT(MAX('1_raw_log'!$B:$B)),"",A15+1)) | B16: =IF(A16="","",YEAR(A16)) | C16: =IF(A16="","","Q"&ROUNDUP(MONTH(A16)/3,0)) | D16: =IF(A16="","",MONTH(A16)) | E16: =IF(A16="","",_xlfn.ISOWEEKNUM(A16)) | F16: =IF(A16="","",TEXT(A16,"ddd"))
A17: =IF(A16="","",IF(A16+1>INT(MAX('1_raw_log'!$B:$B)),"",A16+1)) | B17: =IF(A17="","",YEAR(A17)) | C17: =IF(A17="","","Q"&ROUNDUP(MONTH(A17)/3,0)) | D17: =IF(A17="","",MONTH(A17)) | E17: =IF(A17="","",_xlfn.ISOWEEKNUM(A17)) | F17: =IF(A17="","",TEXT(A17,"ddd"))
... A401: =IF(A400="","",IF(A400+1>INT(MAX('1_raw_log'!$B:$B)),"",A400+1)) | B401: =IF(A401="","",YEAR(A401)) | C401: =IF(A401="","","Q"&ROUNDUP(MONTH(A401)/3,0)) | D401: =IF(A401="","",MONTH(A401)) | E401: =IF(A401="","",_xlfn.ISOWEEKNUM(A401)) | F401: =IF(A401="","",TEXT(A401,"ddd"))

Sheet 4_ref_time
A1: time_key (PK) | B1: time | C1: hour | D1: day_part
A2: 0 | B2: =A2/1440 | C2: =INT(A2/60) | D2: =IF(C2<6,"Night",IF(C2<12,"Morning",IF(C2<18,"Afternoon",IF(C2<22,"Evening","Night")))) | F2: Time-of-day reference: one row per minute (time_key = minutes after midnight, 0-1439).
A3: 1 | B3: =A3/1440 | C3: =INT(A3/60) | D3: =IF(C3<6,"Night",IF(C3<12,"Morning",IF(C3<18,"Afternoon",IF(C3<22,"Evening","Night")))) | F3: Kept separate from ref_date: 365 + 1,440 rows instead of one row per minute of every day.
A4: 2 | B4: =A4/1440 | C4: =INT(A4/60) | D4: =IF(C4<6,"Night",IF(C4<12,"Morning",IF(C4<18,"Afternoon",IF(C4<22,"Evening","Night")))) | F4: day_part bands: Morning 06-11, Afternoon 12-17, Evening 18-21, Night 22-05 (an assumption; change here once).
A5: 3 | B5: =A5/1440 | C5: =INT(A5/60) | D5: =IF(C5<6,"Night",IF(C5<12,"Morning",IF(C5<18,"Afternoon",IF(C5<22,"Evening","Night"))))
A6: 4 | B6: =A6/1440 | C6: =INT(A6/60) | D6: =IF(C6<6,"Night",IF(C6<12,"Morning",IF(C6<18,"Afternoon",IF(C6<22,"Evening","Night"))))
A7: 5 | B7: =A7/1440 | C7: =INT(A7/60) | D7: =IF(C7<6,"Night",IF(C7<12,"Morning",IF(C7<18,"Afternoon",IF(C7<22,"Evening","Night"))))
A8: 6 | B8: =A8/1440 | C8: =INT(A8/60) | D8: =IF(C8<6,"Night",IF(C8<12,"Morning",IF(C8<18,"Afternoon",IF(C8<22,"Evening","Night"))))
A9: 7 | B9: =A9/1440 | C9: =INT(A9/60) | D9: =IF(C9<6,"Night",IF(C9<12,"Morning",IF(C9<18,"Afternoon",IF(C9<22,"Evening","Night"))))
A10: 8 | B10: =A10/1440 | C10: =INT(A10/60) | D10: =IF(C10<6,"Night",IF(C10<12,"Morning",IF(C10<18,"Afternoon",IF(C10<22,"Evening","Night"))))
A11: 9 | B11: =A11/1440 | C11: =INT(A11/60) | D11: =IF(C11<6,"Night",IF(C11<12,"Morning",IF(C11<18,"Afternoon",IF(C11<22,"Evening","Night"))))
A12: 10 | B12: =A12/1440 | C12: =INT(A12/60) | D12: =IF(C12<6,"Night",IF(C12<12,"Morning",IF(C12<18,"Afternoon",IF(C12<22,"Evening","Night"))))
A13: 11 | B13: =A13/1440 | C13: =INT(A13/60) | D13: =IF(C13<6,"Night",IF(C13<12,"Morning",IF(C13<18,"Afternoon",IF(C13<22,"Evening","Night"))))
A14: 12 | B14: =A14/1440 | C14: =INT(A14/60) | D14: =IF(C14<6,"Night",IF(C14<12,"Morning",IF(C14<18,"Afternoon",IF(C14<22,"Evening","Night"))))
A15: 13 | B15: =A15/1440 | C15: =INT(A15/60) | D15: =IF(C15<6,"Night",IF(C15<12,"Morning",IF(C15<18,"Afternoon",IF(C15<22,"Evening","Night"))))
A16: 14 | B16: =A16/1440 | C16: =INT(A16/60) | D16: =IF(C16<6,"Night",IF(C16<12,"Morning",IF(C16<18,"Afternoon",IF(C16<22,"Evening","Night"))))
... A1441: 1439 | B1441: =A1441/1440 | C1441: =INT(A1441/60) | D1441: =IF(C1441<6,"Night",IF(C1441<12,"Morning",IF(C1441<18,"Afternoon",IF(C1441<22,"Evening","Night"))))

Sheet 5_branch
A1: branch_code (PK) | B1: branch_name (current) | C1: region (current) | D1: branch_status (current) | E1: successor_branch_code | F1: info_since
A2: B01 | B2: =INDEX('6_3nf_branch_history'!$C:$C,SUMPRODUCT(('6_3nf_branch_history'!$A$2:$A$50=A2)*('6_3nf_branch_history'!$B$2:$B$50=F2)*ROW('6_3nf_branch_history'!$A$2:$A$50))) | C2: =INDEX('6_3nf_branch_history'!$D:$D,SUMPRODUCT(('6_3nf_branch_history'!$A$2:$A$50=A2)*('6_3nf_branch_history'!$B$2:$B$50=F2)*ROW('6_3nf_branch_history'!$A$2:$A$50))) | D2: =INDEX('6_3nf_branch_history'!$E:$E,SUMPRODUCT(('6_3nf_branch_history'!$A$2:$A$50=A2)*('6_3nf_branch_history'!$B$2:$B$50=F2)*ROW('6_3nf_branch_history'!$A$2:$A$50))) | E2: =IF(INDEX('6_3nf_branch_history'!$F:$F,SUMPRODUCT(('6_3nf_branch_history'!$A$2:$A$50=A2)*('6_3nf_branch_history'!$B$2:$B$50=F2)*ROW('6_3nf_branch_history'!$A$2:$A$50)))=0,"",INDEX('6_3nf_branch_history'!$F:$F,SUMPRODUCT(('6_3nf_branch_history'!$A$2:$A$50=A2)*('6_3nf_branch_history'!$B$2:$B$50=F2)*ROW('6_3nf_branch_history'!$A$2:$A$50)))) | F2: =_xlfn.MAXIFS('6_3nf_branch_history'!$B$2:$B$50,'6_3nf_branch_history'!$A$2:$A$50,A2)
A3: B02 | B3: =INDEX('6_3nf_branch_history'!$C:$C,SUMPRODUCT(('6_3nf_branch_history'!$A$2:$A$50=A3)*('6_3nf_branch_history'!$B$2:$B$50=F3)*ROW('6_3nf_branch_history'!$A$2:$A$50))) | C3: =INDEX('6_3nf_branch_history'!$D:$D,SUMPRODUCT(('6_3nf_branch_history'!$A$2:$A$50=A3)*('6_3nf_branch_history'!$B$2:$B$50=F3)*ROW('6_3nf_branch_history'!$A$2:$A$50))) | D3: =INDEX('6_3nf_branch_history'!$E:$E,SUMPRODUCT(('6_3nf_branch_history'!$A$2:$A$50=A3)*('6_3nf_branch_history'!$B$2:$B$50=F3)*ROW('6_3nf_branch_history'!$A$2:$A$50))) | E3: =IF(INDEX('6_3nf_branch_history'!$F:$F,SUMPRODUCT(('6_3nf_branch_history'!$A$2:$A$50=A3)*('6_3nf_branch_history'!$B$2:$B$50=F3)*ROW('6_3nf_branch_history'!$A$2:$A$50)))=0,"",INDEX('6_3nf_branch_history'!$F:$F,SUMPRODUCT(('6_3nf_branch_history'!$A$2:$A$50=A3)*('6_3nf_branch_history'!$B$2:$B$50=F3)*ROW('6_3nf_branch_history'!$A$2:$A$50)))) | F3: =_xlfn.MAXIFS('6_3nf_branch_history'!$B$2:$B$50,'6_3nf_branch_history'!$A$2:$A$50,A3)
A4: B03 | B4: =INDEX('6_3nf_branch_history'!$C:$C,SUMPRODUCT(('6_3nf_branch_history'!$A$2:$A$50=A4)*('6_3nf_branch_history'!$B$2:$B$50=F4)*ROW('6_3nf_branch_history'!$A$2:$A$50))) | C4: =INDEX('6_3nf_branch_history'!$D:$D,SUMPRODUCT(('6_3nf_branch_history'!$A$2:$A$50=A4)*('6_3nf_branch_history'!$B$2:$B$50=F4)*ROW('6_3nf_branch_history'!$A$2:$A$50))) | D4: =INDEX('6_3nf_branch_history'!$E:$E,SUMPRODUCT(('6_3nf_branch_history'!$A$2:$A$50=A4)*('6_3nf_branch_history'!$B$2:$B$50=F4)*ROW('6_3nf_branch_history'!$A$2:$A$50))) | E4: =IF(INDEX('6_3nf_branch_history'!$F:$F,SUMPRODUCT(('6_3nf_branch_history'!$A$2:$A$50=A4)*('6_3nf_branch_history'!$B$2:$B$50=F4)*ROW('6_3nf_branch_history'!$A$2:$A$50)))=0,"",INDEX('6_3nf_branch_history'!$F:$F,SUMPRODUCT(('6_3nf_branch_history'!$A$2:$A$50=A4)*('6_3nf_branch_history'!$B$2:$B$50=F4)*ROW('6_3nf_branch_history'!$A$2:$A$50)))) | F4: =_xlfn.MAXIFS('6_3nf_branch_history'!$B$2:$B$50,'6_3nf_branch_history'!$A$2:$A$50,A4)
A5: B04 | B5: =INDEX('6_3nf_branch_history'!$C:$C,SUMPRODUCT(('6_3nf_branch_history'!$A$2:$A$50=A5)*('6_3nf_branch_history'!$B$2:$B$50=F5)*ROW('6_3nf_branch_history'!$A$2:$A$50))) | C5: =INDEX('6_3nf_branch_history'!$D:$D,SUMPRODUCT(('6_3nf_branch_history'!$A$2:$A$50=A5)*('6_3nf_branch_history'!$B$2:$B$50=F5)*ROW('6_3nf_branch_history'!$A$2:$A$50))) | D5: =INDEX('6_3nf_branch_history'!$E:$E,SUMPRODUCT(('6_3nf_branch_history'!$A$2:$A$50=A5)*('6_3nf_branch_history'!$B$2:$B$50=F5)*ROW('6_3nf_branch_history'!$A$2:$A$50))) | E5: =IF(INDEX('6_3nf_branch_history'!$F:$F,SUMPRODUCT(('6_3nf_branch_history'!$A$2:$A$50=A5)*('6_3nf_branch_history'!$B$2:$B$50=F5)*ROW('6_3nf_branch_history'!$A$2:$A$50)))=0,"",INDEX('6_3nf_branch_history'!$F:$F,SUMPRODUCT(('6_3nf_branch_history'!$A$2:$A$50=A5)*('6_3nf_branch_history'!$B$2:$B$50=F5)*ROW('6_3nf_branch_history'!$A$2:$A$50)))) | F5: =_xlfn.MAXIFS('6_3nf_branch_history'!$B$2:$B$50,'6_3nf_branch_history'!$A$2:$A$50,A5)
A6: B05 | B6: =INDEX('6_3nf_branch_history'!$C:$C,SUMPRODUCT(('6_3nf_branch_history'!$A$2:$A$50=A6)*('6_3nf_branch_history'!$B$2:$B$50=F6)*ROW('6_3nf_branch_history'!$A$2:$A$50))) | C6: =INDEX('6_3nf_branch_history'!$D:$D,SUMPRODUCT(('6_3nf_branch_history'!$A$2:$A$50=A6)*('6_3nf_branch_history'!$B$2:$B$50=F6)*ROW('6_3nf_branch_history'!$A$2:$A$50))) | D6: =INDEX('6_3nf_branch_history'!$E:$E,SUMPRODUCT(('6_3nf_branch_history'!$A$2:$A$50=A6)*('6_3nf_branch_history'!$B$2:$B$50=F6)*ROW('6_3nf_branch_history'!$A$2:$A$50))) | E6: =IF(INDEX('6_3nf_branch_history'!$F:$F,SUMPRODUCT(('6_3nf_branch_history'!$A$2:$A$50=A6)*('6_3nf_branch_history'!$B$2:$B$50=F6)*ROW('6_3nf_branch_history'!$A$2:$A$50)))=0,"",INDEX('6_3nf_branch_history'!$F:$F,SUMPRODUCT(('6_3nf_branch_history'!$A$2:$A$50=A6)*('6_3nf_branch_history'!$B$2:$B$50=F6)*ROW('6_3nf_branch_history'!$A$2:$A$50)))) | F6: =_xlfn.MAXIFS('6_3nf_branch_history'!$B$2:$B$50,'6_3nf_branch_history'!$A$2:$A$50,A6)
A8: The branch entity: one row per branch_code with its CURRENT name, region and status (today's view).
A9: Only branch_code is typed; the grey columns come from the latest change in 6_3nf_branch_history, so nothing is entered twice.
A10: Closed branches stay listed (history and old sales still point to them); successor_branch_code shows where their business moved.

Sheet 6_3nf_branch_history
A1: branch_code (PK) | B1: effective_date (PK) | C1: branch_name | D1: region | E1: branch_status | F1: successor_branch_code | G1: valid_to (derived) | H1: is_current (derived)
A2: B01 | B2: 40238 | C2: Central | D2: Hong Kong Island | E2: Active | G2: =IF(_xlfn.MINIFS($B$2:$B$50,$A$2:$A$50,A2,$B$2:$B$50,">"&B2)=0,DATE(9999,12,31),_xlfn.MINIFS($B$2:$B$50,$A$2:$A$50,A2,$B$2:$B$50,">"&B2)-1) | H2: =IF(G2=DATE(9999,12,31),"Y","N")
A3: B02 | B3: 41075 | C3: Tsim Sha Tsui | D3: Kowloon | E3: Active | G3: =IF(_xlfn.MINIFS($B$2:$B$50,$A$2:$A$50,A3,$B$2:$B$50,">"&B3)=0,DATE(9999,12,31),_xlfn.MINIFS($B$2:$B$50,$A$2:$A$50,A3,$B$2:$B$50,">"&B3)-1) | H3: =IF(G3=DATE(9999,12,31),"Y","N")
A4: B02 | B4: 45748 | C4: TST Harbour City | D4: Kowloon | E4: Active | G4: =IF(_xlfn.MINIFS($B$2:$B$50,$A$2:$A$50,A4,$B$2:$B$50,">"&B4)=0,DATE(9999,12,31),_xlfn.MINIFS($B$2:$B$50,$A$2:$A$50,A4,$B$2:$B$50,">"&B4)-1) | H4: =IF(G4=DATE(9999,12,31),"Y","N")
A5: B03 | B5: 42248 | C5: Shatin | D5: New Territories | E5: Active | G5: =IF(_xlfn.MINIFS($B$2:$B$50,$A$2:$A$50,A5,$B$2:$B$50,">"&B5)=0,DATE(9999,12,31),_xlfn.MINIFS($B$2:$B$50,$A$2:$A$50,A5,$B$2:$B$50,">"&B5)-1) | H5: =IF(G5=DATE(9999,12,31),"Y","N")
A6: B03 | B6: 45809 | C6: Shatin | D6: New Territories | E6: Closed | F6: B04 | G6: =IF(_xlfn.MINIFS($B$2:$B$50,$A$2:$A$50,A6,$B$2:$B$50,">"&B6)=0,DATE(9999,12,31),_xlfn.MINIFS($B$2:$B$50,$A$2:$A$50,A6,$B$2:$B$50,">"&B6)-1) | H6: =IF(G6=DATE(9999,12,31),"Y","N")
A7: B04 | B7: 45778 | C7: Tai Po | D7: New Territories | E7: Active | G7: =IF(_xlfn.MINIFS($B$2:$B$50,$A$2:$A$50,A7,$B$2:$B$50,">"&B7)=0,DATE(9999,12,31),_xlfn.MINIFS($B$2:$B$50,$A$2:$A$50,A7,$B$2:$B$50,">"&B7)-1) | H7: =IF(G7=DATE(9999,12,31),"Y","N")
A8: B05 | B8: 39449 | C8: Mong Kok | D8: Kowloon | E8: Active | G8: =IF(_xlfn.MINIFS($B$2:$B$50,$A$2:$A$50,A8,$B$2:$B$50,">"&B8)=0,DATE(9999,12,31),_xlfn.MINIFS($B$2:$B$50,$A$2:$A$50,A8,$B$2:$B$50,">"&B8)-1) | H8: =IF(G8=DATE(9999,12,31),"Y","N")
A9: B05 | B9: 45717 | C9: Mong Kok | D9: Kowloon | E9: Closed | F9: B02 | G9: =IF(_xlfn.MINIFS($B$2:$B$50,$A$2:$A$50,A9,$B$2:$B$50,">"&B9)=0,DATE(9999,12,31),_xlfn.MINIFS($B$2:$B$50,$A$2:$A$50,A9,$B$2:$B$50,">"&B9)-1) | H9: =IF(G9=DATE(9999,12,31),"Y","N")
A11: Append-only change log: a row when a branch_code is first set up, and a new row whenever its name, region or status changes. Existing rows are never edited.
A12: Key = branch_code + effective_date. Only the blue columns are typed; grey columns are formulas (valid_to = the day before the branch's next change, or 9999-12-31).
A13: A closure is a new version with branch_status = Closed and the successor_branch_code that takes over its customers and reporting (B05 -> B02 from 1 Mar, B03 -> B04 from 1 Jun).
A14: The version for a sale = the latest effective_date on or before the sale date (looked up by 2_enriched_log). No sale should ever land on a Closed version (see 13_checks).

Sheet 7_3nf_product
A1: product_code (PK) | B1: product_name | C1: product_category | D1: product_risk_level | E1: fee_rate
A2: P01 | B2: Global Equity Fund | C2: Mutual Fund | D2: R4 | E2: 0.015
A3: P02 | B3: Asia Bond Fund | C3: Mutual Fund | D3: R3 | E3: 0.01
A4: P03 | B4: USD Money Market Fund | C4: Mutual Fund | D4: R1 | E4: 0.0025
A5: P04 | B5: Whole Life Plan | C5: Insurance | D5: R2 | E5: 0.03
A6: P05 | B6: Structured Note - Tech Basket | C6: Structured Product | D6: R5 | E6: 0.02
A7: P06 | B7: 3M Time Deposit Plus | C7: Deposit | D7: R1 | E7: 0
A8: P07 | B8: US Treasury 2030 | C8: Bond | D8: R2 | E8: 0.005
A9: P08 | B9: Gold-Linked Deposit | C9: Structured Product | D9: R4 | E9: 0.012
A11: One row per product. The selling log keeps only product_code (a foreign key); name, category, risk level and fee rate live here.
A12: In the 500 sales, each product_code always had the same attributes, so a static table is enough (no history needed yet).
A13: product_category and product_risk_level could become their own small lookup tables later (snowflake / stricter 3NF).

Sheet 8_3nf_customer
A1: cust_id_legacy (as received) | B1: cust_id (PK, rectified) | C1: cust_name | D1: cust_dob | E1: cust_gender | F1: cust_segment (current) | G1: cust_risk_profile (current) | H1: info_since
A2: 45128803 | B2: =IF(LEN(TRIM(A2))=10,TRIM(A2),IF(LEN(TRIM(A2))=8,"00"&TRIM(A2),"CHECK")) | C2: Li Na | D2: 33079 | E2: F | F2: =INDEX('9_3nf_customer_history'!$C:$C,SUMPRODUCT(('9_3nf_customer_history'!$A$2:$A$500=B2)*('9_3nf_customer_history'!$B$2:$B$500=H2)*ROW('9_3nf_customer_history'!$A$2:$A$500))) | G2: =INDEX('9_3nf_customer_history'!$D:$D,SUMPRODUCT(('9_3nf_customer_history'!$A$2:$A$500=B2)*('9_3nf_customer_history'!$B$2:$B$500=H2)*ROW('9_3nf_customer_history'!$A$2:$A$500))) | H2: =_xlfn.MAXIFS('9_3nf_customer_history'!$B$2:$B$500,'9_3nf_customer_history'!$A$2:$A$500,B2)
A3: 55245666 | B3: =IF(LEN(TRIM(A3))=10,TRIM(A3),IF(LEN(TRIM(A3))=8,"00"&TRIM(A3),"CHECK")) | C3: Agnes Tang | D3: 31416 | E3: F | F3: =INDEX('9_3nf_customer_history'!$C:$C,SUMPRODUCT(('9_3nf_customer_history'!$A$2:$A$500=B3)*('9_3nf_customer_history'!$B$2:$B$500=H3)*ROW('9_3nf_customer_history'!$A$2:$A$500))) | G3: =INDEX('9_3nf_customer_history'!$D:$D,SUMPRODUCT(('9_3nf_customer_history'!$A$2:$A$500=B3)*('9_3nf_customer_history'!$B$2:$B$500=H3)*ROW('9_3nf_customer_history'!$A$2:$A$500))) | H3: =_xlfn.MAXIFS('9_3nf_customer_history'!$B$2:$B$500,'9_3nf_customer_history'!$A$2:$A$500,B3)
A4: 71204459 | B4: =IF(LEN(TRIM(A4))=10,TRIM(A4),IF(LEN(TRIM(A4))=8,"00"&TRIM(A4),"CHECK")) | C4: David Tan | D4: 21538 | E4: M | F4: =INDEX('9_3nf_customer_history'!$C:$C,SUMPRODUCT(('9_3nf_customer_history'!$A$2:$A$500=B4)*('9_3nf_customer_history'!$B$2:$B$500=H4)*ROW('9_3nf_customer_history'!$A$2:$A$500))) | G4: =INDEX('9_3nf_customer_history'!$D:$D,SUMPRODUCT(('9_3nf_customer_history'!$A$2:$A$500=B4)*('9_3nf_customer_history'!$B$2:$B$500=H4)*ROW('9_3nf_customer_history'!$A$2:$A$500))) | H4: =_xlfn.MAXIFS('9_3nf_customer_history'!$B$2:$B$500,'9_3nf_customer_history'!$A$2:$A$500,B4)
A5: 98231104 | B5: =IF(LEN(TRIM(A5))=10,TRIM(A5),IF(LEN(TRIM(A5))=8,"00"&TRIM(A5),"CHECK")) | C5: Sarah Lim | D5: 31077 | E5: F | F5: =INDEX('9_3nf_customer_history'!$C:$C,SUMPRODUCT(('9_3nf_customer_history'!$A$2:$A$500=B5)*('9_3nf_customer_history'!$B$2:$B$500=H5)*ROW('9_3nf_customer_history'!$A$2:$A$500))) | G5: =INDEX('9_3nf_customer_history'!$D:$D,SUMPRODUCT(('9_3nf_customer_history'!$A$2:$A$500=B5)*('9_3nf_customer_history'!$B$2:$B$500=H5)*ROW('9_3nf_customer_history'!$A$2:$A$500))) | H5: =_xlfn.MAXIFS('9_3nf_customer_history'!$B$2:$B$500,'9_3nf_customer_history'!$A$2:$A$500,B5)
A6: 17091225 | B6: =IF(LEN(TRIM(A6))=10,TRIM(A6),IF(LEN(TRIM(A6))=8,"00"&TRIM(A6),"CHECK")) | C6: Daniel Yeung | D6: 30036 | E6: M | F6: =INDEX('9_3nf_customer_history'!$C:$C,SUMPRODUCT(('9_3nf_customer_history'!$A$2:$A$500=B6)*('9_3nf_customer_history'!$B$2:$B$500=H6)*ROW('9_3nf_customer_history'!$A$2:$A$500))) | G6: =INDEX('9_3nf_customer_history'!$D:$D,SUMPRODUCT(('9_3nf_customer_history'!$A$2:$A$500=B6)*('9_3nf_customer_history'!$B$2:$B$500=H6)*ROW('9_3nf_customer_history'!$A$2:$A$500))) | H6: =_xlfn.MAXIFS('9_3nf_customer_history'!$B$2:$B$500,'9_3nf_customer_history'!$A$2:$A$500,B6)
A7: 44509861 | B7: =IF(LEN(TRIM(A7))=10,TRIM(A7),IF(LEN(TRIM(A7))=8,"00"&TRIM(A7),"CHECK")) | C7: Ming Brown | D7: 35822 | E7: M | F7: =INDEX('9_3nf_customer_history'!$C:$C,SUMPRODUCT(('9_3nf_customer_history'!$A$2:$A$500=B7)*('9_3nf_customer_history'!$B$2:$B$500=H7)*ROW('9_3nf_customer_history'!$A$2:$A$500))) | G7: =INDEX('9_3nf_customer_history'!$D:$D,SUMPRODUCT(('9_3nf_customer_history'!$A$2:$A$500=B7)*('9_3nf_customer_history'!$B$2:$B$500=H7)*ROW('9_3nf_customer_history'!$A$2:$A$500))) | H7: =_xlfn.MAXIFS('9_3nf_customer_history'!$B$2:$B$500,'9_3nf_customer_history'!$A$2:$A$500,B7)
A8: 0097309879 | B8: =IF(LEN(TRIM(A8))=10,TRIM(A8),IF(LEN(TRIM(A8))=8,"00"&TRIM(A8),"CHECK")) | C8: Priya Chow | D8: 18895 | E8: F | F8: =INDEX('9_3nf_customer_history'!$C:$C,SUMPRODUCT(('9_3nf_customer_history'!$A$2:$A$500=B8)*('9_3nf_customer_history'!$B$2:$B$500=H8)*ROW('9_3nf_customer_history'!$A$2:$A$500))) | G8: =INDEX('9_3nf_customer_history'!$D:$D,SUMPRODUCT(('9_3nf_customer_history'!$A$2:$A$500=B8)*('9_3nf_customer_history'!$B$2:$B$500=H8)*ROW('9_3nf_customer_history'!$A$2:$A$500))) | H8: =_xlfn.MAXIFS('9_3nf_customer_history'!$B$2:$B$500,'9_3nf_customer_history'!$A$2:$A$500,B8)
A9: 55691590 | B9: =IF(LEN(TRIM(A9))=10,TRIM(A9),IF(LEN(TRIM(A9))=8,"00"&TRIM(A9),"CHECK")) | C9: Daniel Tanaka | D9: 26407 | E9: M | F9: =INDEX('9_3nf_customer_history'!$C:$C,SUMPRODUCT(('9_3nf_customer_history'!$A$2:$A$500=B9)*('9_3nf_customer_history'!$B$2:$B$500=H9)*ROW('9_3nf_customer_history'!$A$2:$A$500))) | G9: =INDEX('9_3nf_customer_history'!$D:$D,SUMPRODUCT(('9_3nf_customer_history'!$A$2:$A$500=B9)*('9_3nf_customer_history'!$B$2:$B$500=H9)*ROW('9_3nf_customer_history'!$A$2:$A$500))) | H9: =_xlfn.MAXIFS('9_3nf_customer_history'!$B$2:$B$500,'9_3nf_customer_history'!$A$2:$A$500,B9)
A10: 16329105 | B10: =IF(LEN(TRIM(A10))=10,TRIM(A10),IF(LEN(TRIM(A10))=8,"00"&TRIM(A10),"CHECK")) | C10: Hoi Yan Tsang | D10: 32768 | E10: F | F10: =INDEX('9_3nf_customer_history'!$C:$C,SUMPRODUCT(('9_3nf_customer_history'!$A$2:$A$500=B10)*('9_3nf_customer_history'!$B$2:$B$500=H10)*ROW('9_3nf_customer_history'!$A$2:$A$500))) | G10: =INDEX('9_3nf_customer_history'!$D:$D,SUMPRODUCT(('9_3nf_customer_history'!$A$2:$A$500=B10)*('9_3nf_customer_history'!$B$2:$B$500=H10)*ROW('9_3nf_customer_history'!$A$2:$A$500))) | H10: =_xlfn.MAXIFS('9_3nf_customer_history'!$B$2:$B$500,'9_3nf_customer_history'!$A$2:$A$500,B10)
A11: 20737016 | B11: =IF(LEN(TRIM(A11))=10,TRIM(A11),IF(LEN(TRIM(A11))=8,"00"&TRIM(A11),"CHECK")) | C11: Marcus Tsang | D11: 34197 | E11: M | F11: =INDEX('9_3nf_customer_history'!$C:$C,SUMPRODUCT(('9_3nf_customer_history'!$A$2:$A$500=B11)*('9_3nf_customer_history'!$B$2:$B$500=H11)*ROW('9_3nf_customer_history'!$A$2:$A$500))) | G11: =INDEX('9_3nf_customer_history'!$D:$D,SUMPRODUCT(('9_3nf_customer_history'!$A$2:$A$500=B11)*('9_3nf_customer_history'!$B$2:$B$500=H11)*ROW('9_3nf_customer_history'!$A$2:$A$500))) | H11: =_xlfn.MAXIFS('9_3nf_customer_history'!$B$2:$B$500,'9_3nf_customer_history'!$A$2:$A$500,B11)
A12: 56294337 | B12: =IF(LEN(TRIM(A12))=10,TRIM(A12),IF(LEN(TRIM(A12))=8,"00"&TRIM(A12),"CHECK")) | C12: Vivian Tsang | D12: 31465 | E12: F | F12: =INDEX('9_3nf_customer_history'!$C:$C,SUMPRODUCT(('9_3nf_customer_history'!$A$2:$A$500=B12)*('9_3nf_customer_history'!$B$2:$B$500=H12)*ROW('9_3nf_customer_history'!$A$2:$A$500))) | G12: =INDEX('9_3nf_customer_history'!$D:$D,SUMPRODUCT(('9_3nf_customer_history'!$A$2:$A$500=B12)*('9_3nf_customer_history'!$B$2:$B$500=H12)*ROW('9_3nf_customer_history'!$A$2:$A$500))) | H12: =_xlfn.MAXIFS('9_3nf_customer_history'!$B$2:$B$500,'9_3nf_customer_history'!$A$2:$A$500,B12)
A13: 0032025226 | B13: =IF(LEN(TRIM(A13))=10,TRIM(A13),IF(LEN(TRIM(A13))=8,"00"&TRIM(A13),"CHECK")) | C13: Mei Ling Lam | D13: 30958 | E13: F | F13: =INDEX('9_3nf_customer_history'!$C:$C,SUMPRODUCT(('9_3nf_customer_history'!$A$2:$A$500=B13)*('9_3nf_customer_history'!$B$2:$B$500=H13)*ROW('9_3nf_customer_history'!$A$2:$A$500))) | G13: =INDEX('9_3nf_customer_history'!$D:$D,SUMPRODUCT(('9_3nf_customer_history'!$A$2:$A$500=B13)*('9_3nf_customer_history'!$B$2:$B$500=H13)*ROW('9_3nf_customer_history'!$A$2:$A$500))) | H13: =_xlfn.MAXIFS('9_3nf_customer_history'!$B$2:$B$500,'9_3nf_customer_history'!$A$2:$A$500,B13)
A14: 17404366 | B14: =IF(LEN(TRIM(A14))=10,TRIM(A14),IF(LEN(TRIM(A14))=8,"00"&TRIM(A14),"CHECK")) | C14: Daniel Tang | D14: 25521 | E14: M | F14: =INDEX('9_3nf_customer_history'!$C:$C,SUMPRODUCT(('9_3nf_customer_history'!$A$2:$A$500=B14)*('9_3nf_customer_history'!$B$2:$B$500=H14)*ROW('9_3nf_customer_history'!$A$2:$A$500))) | G14: =INDEX('9_3nf_customer_history'!$D:$D,SUMPRODUCT(('9_3nf_customer_history'!$A$2:$A$500=B14)*('9_3nf_customer_history'!$B$2:$B$500=H14)*ROW('9_3nf_customer_history'!$A$2:$A$500))) | H14: =_xlfn.MAXIFS('9_3nf_customer_history'!$B$2:$B$500,'9_3nf_customer_history'!$A$2:$A$500,B14)
A15: 17885621 | B15: =IF(LEN(TRIM(A15))=10,TRIM(A15),IF(LEN(TRIM(A15))=8,"00"&TRIM(A15),"CHECK")) | C15: Ka Yan Sharma | D15: 37216 | E15: F | F15: =INDEX('9_3nf_customer_history'!$C:$C,SUMPRODUCT(('9_3nf_customer_history'!$A$2:$A$500=B15)*('9_3nf_customer_history'!$B$2:$B$500=H15)*ROW('9_3nf_customer_history'!$A$2:$A$500))) | G15: =INDEX('9_3nf_customer_history'!$D:$D,SUMPRODUCT(('9_3nf_customer_history'!$A$2:$A$500=B15)*('9_3nf_customer_history'!$B$2:$B$500=H15)*ROW('9_3nf_customer_history'!$A$2:$A$500))) | H15: =_xlfn.MAXIFS('9_3nf_customer_history'!$B$2:$B$500,'9_3nf_customer_history'!$A$2:$A$500,B15)
A16: 53083943 | B16: =IF(LEN(TRIM(A16))=10,TRIM(A16),IF(LEN(TRIM(A16))=8,"00"&TRIM(A16),"CHECK")) | C16: Marcus Brown | D16: 32816 | E16: M | F16: =INDEX('9_3nf_customer_history'!$C:$C,SUMPRODUCT(('9_3nf_customer_history'!$A$2:$A$500=B16)*('9_3nf_customer_history'!$B$2:$B$500=H16)*ROW('9_3nf_customer_history'!$A$2:$A$500))) | G16: =INDEX('9_3nf_customer_history'!$D:$D,SUMPRODUCT(('9_3nf_customer_history'!$A$2:$A$500=B16)*('9_3nf_customer_history'!$B$2:$B$500=H16)*ROW('9_3nf_customer_history'!$A$2:$A$500))) | H16: =_xlfn.MAXIFS('9_3nf_customer_history'!$B$2:$B$500,'9_3nf_customer_history'!$A$2:$A$500,B16)
A17: 83289666 | B17: =IF(LEN(TRIM(A17))=10,TRIM(A17),IF(LEN(TRIM(A17))=8,"00"&TRIM(A17),"CHECK")) | C17: Oliver Tanaka | D17: 37116 | E17: M | F17: =INDEX('9_3nf_customer_history'!$C:$C,SUMPRODUCT(('9_3nf_customer_history'!$A$2:$A$500=B17)*('9_3nf_customer_history'!$B$2:$B$500=H17)*ROW('9_3nf_customer_history'!$A$2:$A$500))) | G17: =INDEX('9_3nf_customer_history'!$D:$D,SUMPRODUCT(('9_3nf_customer_history'!$A$2:$A$500=B17)*('9_3nf_customer_history'!$B$2:$B$500=H17)*ROW('9_3nf_customer_history'!$A$2:$A$500))) | H17: =_xlfn.MAXIFS('9_3nf_customer_history'!$B$2:$B$500,'9_3nf_customer_history'!$A$2:$A$500,B17)
A18: 57825472 | B18: =IF(LEN(TRIM(A18))=10,TRIM(A18),IF(LEN(TRIM(A18))=8,"00"&TRIM(A18),"CHECK")) | C18: Ming Tang | D18: 21195 | E18: M | F18: =INDEX('9_3nf_customer_history'!$C:$C,SUMPRODUCT(('9_3nf_customer_history'!$A$2:$A$500=B18)*('9_3nf_customer_history'!$B$2:$B$500=H18)*ROW('9_3nf_customer_history'!$A$2:$A$500))) | G18: =INDEX('9_3nf_customer_history'!$D:$D,SUMPRODUCT(('9_3nf_customer_history'!$A$2:$A$500=B18)*('9_3nf_customer_history'!$B$2:$B$500=H18)*ROW('9_3nf_customer_history'!$A$2:$A$500))) | H18: =_xlfn.MAXIFS('9_3nf_customer_history'!$B$2:$B$500,'9_3nf_customer_history'!$A$2:$A$500,B18)
A19: 86890319 | B19: =IF(LEN(TRIM(A19))=10,TRIM(A19),IF(LEN(TRIM(A19))=8,"00"&TRIM(A19),"CHECK")) | C19: Vivian Smith | D19: 37214 | E19: F | F19: =INDEX('9_3nf_customer_history'!$C:$C,SUMPRODUCT(('9_3nf_customer_history'!$A$2:$A$500=B19)*('9_3nf_customer_history'!$B$2:$B$500=H19)*ROW('9_3nf_customer_history'!$A$2:$A$500))) | G19: =INDEX('9_3nf_customer_history'!$D:$D,SUMPRODUCT(('9_3nf_customer_history'!$A$2:$A$500=B19)*('9_3nf_customer_history'!$B$2:$B$500=H19)*ROW('9_3nf_customer_history'!$A$2:$A$500))) | H19: =_xlfn.MAXIFS('9_3nf_customer_history'!$B$2:$B$500,'9_3nf_customer_history'!$A$2:$A$500,B19)
A20: 19295191 | B20: =IF(LEN(TRIM(A20))=10,TRIM(A20),IF(LEN(TRIM(A20))=8,"00"&TRIM(A20),"CHECK")) | C20: Vivian Mak | D20: 32905 | E20: F | F20: =INDEX('9_3nf_customer_history'!$C:$C,SUMPRODUCT(('9_3nf_customer_history'!$A$2:$A$500=B20)*('9_3nf_customer_history'!$B$2:$B$500=H20)*ROW('9_3nf_customer_history'!$A$2:$A$500))) | G20: =INDEX('9_3nf_customer_history'!$D:$D,SUMPRODUCT(('9_3nf_customer_history'!$A$2:$A$500=B20)*('9_3nf_customer_history'!$B$2:$B$500=H20)*ROW('9_3nf_customer_history'!$A$2:$A$500))) | H20: =_xlfn.MAXIFS('9_3nf_customer_history'!$B$2:$B$500,'9_3nf_customer_history'!$A$2:$A$500,B20)
A21: 57619105 | B21: =IF(LEN(TRIM(A21))=10,TRIM(A21),IF(LEN(TRIM(A21))=8,"00"&TRIM(A21),"CHECK")) | C21: Winnie Patel | D21: 31721 | E21: F | F21: =INDEX('9_3nf_customer_history'!$C:$C,SUMPRODUCT(('9_3nf_customer_history'!$A$2:$A$500=B21)*('9_3nf_customer_history'!$B$2:$B$500=H21)*ROW('9_3nf_customer_history'!$A$2:$A$500))) | G21: =INDEX('9_3nf_customer_history'!$D:$D,SUMPRODUCT(('9_3nf_customer_history'!$A$2:$A$500=B21)*('9_3nf_customer_history'!$B$2:$B$500=H21)*ROW('9_3nf_customer_history'!$A$2:$A$500))) | H21: =_xlfn.MAXIFS('9_3nf_customer_history'!$B$2:$B$500,'9_3nf_customer_history'!$A$2:$A$500,B21)
A22: 1003425081 | B22: =IF(LEN(TRIM(A22))=10,TRIM(A22),IF(LEN(TRIM(A22))=8,"00"&TRIM(A22),"CHECK")) | C22: Siu Ling Smith | D22: 23207 | E22: F | F22: =INDEX('9_3nf_customer_history'!$C:$C,SUMPRODUCT(('9_3nf_customer_history'!$A$2:$A$500=B22)*('9_3nf_customer_history'!$B$2:$B$500=H22)*ROW('9_3nf_customer_history'!$A$2:$A$500))) | G22: =INDEX('9_3nf_customer_history'!$D:$D,SUMPRODUCT(('9_3nf_customer_history'!$A$2:$A$500=B22)*('9_3nf_customer_history'!$B$2:$B$500=H22)*ROW('9_3nf_customer_history'!$A$2:$A$500))) | H22: =_xlfn.MAXIFS('9_3nf_customer_history'!$B$2:$B$500,'9_3nf_customer_history'!$A$2:$A$500,B22)
A23: 1272084999 | B23: =IF(LEN(TRIM(A23))=10,TRIM(A23),IF(LEN(TRIM(A23))=8,"00"&TRIM(A23),"CHECK")) | C23: Joyce Mak | D23: 36039 | E23: F | F23: =INDEX('9_3nf_customer_history'!$C:$C,SUMPRODUCT(('9_3nf_customer_history'!$A$2:$A$500=B23)*('9_3nf_customer_history'!$B$2:$B$500=H23)*ROW('9_3nf_customer_history'!$A$2:$A$500))) | G23: =INDEX('9_3nf_customer_history'!$D:$D,SUMPRODUCT(('9_3nf_customer_history'!$A$2:$A$500=B23)*('9_3nf_customer_history'!$B$2:$B$500=H23)*ROW('9_3nf_customer_history'!$A$2:$A$500))) | H23: =_xlfn.MAXIFS('9_3nf_customer_history'!$B$2:$B$500,'9_3nf_customer_history'!$A$2:$A$500,B23)
A24: 1272232039 | B24: =IF(LEN(TRIM(A24))=10,TRIM(A24),IF(LEN(TRIM(A24))=8,"00"&TRIM(A24),"CHECK")) | C24: Yuki Lee | D24: 20553 | E24: F | F24: =INDEX('9_3nf_customer_history'!$C:$C,SUMPRODUCT(('9_3nf_customer_history'!$A$2:$A$500=B24)*('9_3nf_customer_history'!$B$2:$B$500=H24)*ROW('9_3nf_customer_history'!$A$2:$A$500))) | G24: =INDEX('9_3nf_customer_history'!$D:$D,SUMPRODUCT(('9_3nf_customer_history'!$A$2:$A$500=B24)*('9_3nf_customer_history'!$B$2:$B$500=H24)*ROW('9_3nf_customer_history'!$A$2:$A$500))) | H24: =_xlfn.MAXIFS('9_3nf_customer_history'!$B$2:$B$500,'9_3nf_customer_history'!$A$2:$A$500,B24)
A25: 1345733448 | B25: =IF(LEN(TRIM(A25))=10,TRIM(A25),IF(LEN(TRIM(A25))=8,"00"&TRIM(A25),"CHECK")) | C25: Ming Sharma | D25: 18273 | E25: M | F25: =INDEX('9_3nf_customer_history'!$C:$C,SUMPRODUCT(('9_3nf_customer_history'!$A$2:$A$500=B25)*('9_3nf_customer_history'!$B$2:$B$500=H25)*ROW('9_3nf_customer_history'!$A$2:$A$500))) | G25: =INDEX('9_3nf_customer_history'!$D:$D,SUMPRODUCT(('9_3nf_customer_history'!$A$2:$A$500=B25)*('9_3nf_customer_history'!$B$2:$B$500=H25)*ROW('9_3nf_customer_history'!$A$2:$A$500))) | H25: =_xlfn.MAXIFS('9_3nf_customer_history'!$B$2:$B$500,'9_3nf_customer_history'!$A$2:$A$500,B25)
... A81: 9794231618 | B81: =IF(LEN(TRIM(A81))=10,TRIM(A81),IF(LEN(TRIM(A81))=8,"00"&TRIM(A81),"CHECK")) | C81: Rachel Patel | D81: 34777 | E81: F | F81: =INDEX('9_3nf_customer_history'!$C:$C,SUMPRODUCT(('9_3nf_customer_history'!$A$2:$A$500=B81)*('9_3nf_customer_history'!$B$2:$B$500=H81)*ROW('9_3nf_customer_history'!$A$2:$A$500))) | G81: =INDEX('9_3nf_customer_history'!$D:$D,SUMPRODUCT(('9_3nf_customer_history'!$A$2:$A$500=B81)*('9_3nf_customer_history'!$B$2:$B$500=H81)*ROW('9_3nf_customer_history'!$A$2:$A$500))) | H81: =_xlfn.MAXIFS('9_3nf_customer_history'!$B$2:$B$500,'9_3nf_customer_history'!$A$2:$A$500,B81)
A84: One row per customer: the facts that don't change (name, date of birth, gender), plus the CURRENT segment and risk profile.
A85: cust_id_legacy is the ID as the legacy systems hold it: IDs starting with 00 can arrive with the 00 dropped (8 digits).
A86: cust_id (rectified): 10 digits = kept; 8 digits = '00' added in front; any other length = CHECK (never guessed). It is the primary key.
A87: Grey columns are calculated from the latest change in 9_3nf_customer_history (today's view); the enriched log uses the history for the value at the time of sale.

Sheet 9_3nf_customer_history
A1: cust_id (PK) | B1: effective_date (PK) | C1: cust_segment | D1: cust_risk_profile | E1: change_reason | F1: valid_to (derived) | G1: is_current (derived)
A2: 0045128803 | B2: 43831 | C2: Mass | D2: R2 | E2: Onboarding (date assumed) | F2: =IF(_xlfn.MINIFS($B$2:$B$500,$A$2:$A$500,A2,$B$2:$B$500,">"&B2)=0,DATE(9999,12,31),_xlfn.MINIFS($B$2:$B$500,$A$2:$A$500,A2,$B$2:$B$500,">"&B2)-1) | G2: =IF(F2=DATE(9999,12,31),"Y","N") | I2: Append-only change log: a row when a customer is onboarded, and a new row only when their segment or risk profile changes.
A3: 0045128803 | B3: 45809 | C3: Mass | D3: R4 | E3: Risk re-assessment | F3: =IF(_xlfn.MINIFS($B$2:$B$500,$A$2:$A$500,A3,$B$2:$B$500,">"&B3)=0,DATE(9999,12,31),_xlfn.MINIFS($B$2:$B$500,$A$2:$A$500,A3,$B$2:$B$500,">"&B3)-1) | G3: =IF(F3=DATE(9999,12,31),"Y","N") | I3: Key = cust_id + effective_date. Only the blue columns are typed; grey columns are formulas (valid_to = the day before the next change).
A4: 0055245666 | B4: 43831 | C4: Affluent | D4: R4 | E4: Onboarding (date assumed) | F4: =IF(_xlfn.MINIFS($B$2:$B$500,$A$2:$A$500,A4,$B$2:$B$500,">"&B4)=0,DATE(9999,12,31),_xlfn.MINIFS($B$2:$B$500,$A$2:$A$500,A4,$B$2:$B$500,">"&B4)-1) | G4: =IF(F4=DATE(9999,12,31),"Y","N") | I4: The version for a sale = the latest effective_date on or before the sale date (looked up in 2_enriched_log).
A5: 0071204459 | B5: 43831 | C5: Private | D5: R4 | E5: Onboarding (date assumed) | F5: =IF(_xlfn.MINIFS($B$2:$B$500,$A$2:$A$500,A5,$B$2:$B$500,">"&B5)=0,DATE(9999,12,31),_xlfn.MINIFS($B$2:$B$500,$A$2:$A$500,A5,$B$2:$B$500,">"&B5)-1) | G5: =IF(F5=DATE(9999,12,31),"Y","N") | I5: Onboarding dates are not in the selling log, so the first version uses an assumed date (2020-01-01).
A6: 0071204459 | B6: 45748 | C6: Private | D6: R5 | E6: Risk re-assessment | F6: =IF(_xlfn.MINIFS($B$2:$B$500,$A$2:$A$500,A6,$B$2:$B$500,">"&B6)=0,DATE(9999,12,31),_xlfn.MINIFS($B$2:$B$500,$A$2:$A$500,A6,$B$2:$B$500,">"&B6)-1) | G6: =IF(F6=DATE(9999,12,31),"Y","N") | I6: Segment and risk changes are derived from AUM and authorised by the bank; kept only for customers in the sales log (data minimisation).
A7: 0098231104 | B7: 43831 | C7: Affluent | D7: R3 | E7: Onboarding (date assumed) | F7: =IF(_xlfn.MINIFS($B$2:$B$500,$A$2:$A$500,A7,$B$2:$B$500,">"&B7)=0,DATE(9999,12,31),_xlfn.MINIFS($B$2:$B$500,$A$2:$A$500,A7,$B$2:$B$500,">"&B7)-1) | G7: =IF(F7=DATE(9999,12,31),"Y","N")
A8: 0098231104 | B8: 45828 | C8: Affluent | D8: R5 | E8: Risk re-assessment | F8: =IF(_xlfn.MINIFS($B$2:$B$500,$A$2:$A$500,A8,$B$2:$B$500,">"&B8)=0,DATE(9999,12,31),_xlfn.MINIFS($B$2:$B$500,$A$2:$A$500,A8,$B$2:$B$500,">"&B8)-1) | G8: =IF(F8=DATE(9999,12,31),"Y","N")
A9: 0017091225 | B9: 43831 | C9: Mass | D9: R3 | E9: Onboarding (date assumed) | F9: =IF(_xlfn.MINIFS($B$2:$B$500,$A$2:$A$500,A9,$B$2:$B$500,">"&B9)=0,DATE(9999,12,31),_xlfn.MINIFS($B$2:$B$500,$A$2:$A$500,A9,$B$2:$B$500,">"&B9)-1) | G9: =IF(F9=DATE(9999,12,31),"Y","N")
A10: 0017091225 | B10: 45793 | C10: Mass | D10: R4 | E10: Risk re-assessment | F10: =IF(_xlfn.MINIFS($B$2:$B$500,$A$2:$A$500,A10,$B$2:$B$500,">"&B10)=0,DATE(9999,12,31),_xlfn.MINIFS($B$2:$B$500,$A$2:$A$500,A10,$B$2:$B$500,">"&B10)-1) | G10: =IF(F10=DATE(9999,12,31),"Y","N")
A11: 0044509861 | B11: 43831 | C11: Private | D11: R4 | E11: Onboarding (date assumed) | F11: =IF(_xlfn.MINIFS($B$2:$B$500,$A$2:$A$500,A11,$B$2:$B$500,">"&B11)=0,DATE(9999,12,31),_xlfn.MINIFS($B$2:$B$500,$A$2:$A$500,A11,$B$2:$B$500,">"&B11)-1) | G11: =IF(F11=DATE(9999,12,31),"Y","N")
A12: 0097309879 | B12: 43831 | C12: Affluent | D12: R4 | E12: Onboarding (date assumed) | F12: =IF(_xlfn.MINIFS($B$2:$B$500,$A$2:$A$500,A12,$B$2:$B$500,">"&B12)=0,DATE(9999,12,31),_xlfn.MINIFS($B$2:$B$500,$A$2:$A$500,A12,$B$2:$B$500,">"&B12)-1) | G12: =IF(F12=DATE(9999,12,31),"Y","N")
A13: 0097309879 | B13: 45700 | C13: Affluent | D13: R5 | E13: Risk re-assessment | F13: =IF(_xlfn.MINIFS($B$2:$B$500,$A$2:$A$500,A13,$B$2:$B$500,">"&B13)=0,DATE(9999,12,31),_xlfn.MINIFS($B$2:$B$500,$A$2:$A$500,A13,$B$2:$B$500,">"&B13)-1) | G13: =IF(F13=DATE(9999,12,31),"Y","N")
A14: 0055691590 | B14: 43831 | C14: Private | D14: R5 | E14: Onboarding (date assumed) | F14: =IF(_xlfn.MINIFS($B$2:$B$500,$A$2:$A$500,A14,$B$2:$B$500,">"&B14)=0,DATE(9999,12,31),_xlfn.MINIFS($B$2:$B$500,$A$2:$A$500,A14,$B$2:$B$500,">"&B14)-1) | G14: =IF(F14=DATE(9999,12,31),"Y","N")
A15: 0016329105 | B15: 43831 | C15: Mass | D15: R1 | E15: Onboarding (date assumed) | F15: =IF(_xlfn.MINIFS($B$2:$B$500,$A$2:$A$500,A15,$B$2:$B$500,">"&B15)=0,DATE(9999,12,31),_xlfn.MINIFS($B$2:$B$500,$A$2:$A$500,A15,$B$2:$B$500,">"&B15)-1) | G15: =IF(F15=DATE(9999,12,31),"Y","N")
A16: 0020737016 | B16: 43831 | C16: Affluent | D16: R3 | E16: Onboarding (date assumed) | F16: =IF(_xlfn.MINIFS($B$2:$B$500,$A$2:$A$500,A16,$B$2:$B$500,">"&B16)=0,DATE(9999,12,31),_xlfn.MINIFS($B$2:$B$500,$A$2:$A$500,A16,$B$2:$B$500,">"&B16)-1) | G16: =IF(F16=DATE(9999,12,31),"Y","N")
A17: 0020737016 | B17: 45797 | C17: Affluent | D17: R4 | E17: Risk re-assessment | F17: =IF(_xlfn.MINIFS($B$2:$B$500,$A$2:$A$500,A17,$B$2:$B$500,">"&B17)=0,DATE(9999,12,31),_xlfn.MINIFS($B$2:$B$500,$A$2:$A$500,A17,$B$2:$B$500,">"&B17)-1) | G17: =IF(F17=DATE(9999,12,31),"Y","N")
A18: 0020737016 | B18: 45798 | C18: Private | D18: R4 | E18: Segment change | F18: =IF(_xlfn.MINIFS($B$2:$B$500,$A$2:$A$500,A18,$B$2:$B$500,">"&B18)=0,DATE(9999,12,31),_xlfn.MINIFS($B$2:$B$500,$A$2:$A$500,A18,$B$2:$B$500,">"&B18)-1) | G18: =IF(F18=DATE(9999,12,31),"Y","N")
... A102: 9794231618 | B102: 43831 | C102: Mass | D102: R5 | E102: Onboarding (date assumed) | F102: =IF(_xlfn.MINIFS($B$2:$B$500,$A$2:$A$500,A102,$B$2:$B$500,">"&B102)=0,DATE(9999,12,31),_xlfn.MINIFS($B$2:$B$500,$A$2:$A$500,A102,$B$2:$B$500,">"&B102)-1) | G102: =IF(F102=DATE(9999,12,31),"Y","N")

Sheet 10_ref_fx_rate
A1: currency_code (PK) | B1: rate_date (PK) | C1: units_per_usd | D1: rate_to_hkd (derived)
A2: USD | B2: 45659 | C2: 1 | D2: =SUMIFS($C$2:$C$385,$A$2:$A$385,"HKD",$B$2:$B$385,B2)/C2 | F2: Daily FX reference: one row per currency per business day, as delivered by a market-data feed.
A3: HKD | B3: 45659 | C3: 7.7827 | D3: =SUMIFS($C$2:$C$385,$A$2:$A$385,"HKD",$B$2:$B$385,B3)/C3 | F3: Source: daily FX rates (USDHKD, USDCNY) pulled from the Wind API / Bloomberg API. The values in this public mock version are illustrative.
A4: CNY | B4: 45659 | C4: 7.3038 | D4: =SUMIFS($C$2:$C$385,$A$2:$A$385,"HKD",$B$2:$B$385,B4)/C4 | F4: units_per_usd = units of the currency per 1 USD (the market quote). rate_to_hkd = HKD per USD / currency per USD on the same day.
A5: USD | B5: 45660 | C5: 1 | D5: =SUMIFS($C$2:$C$385,$A$2:$A$385,"HKD",$B$2:$B$385,B5)/C5 | F5: No rates exist on weekends or holidays, so a sale uses the latest rate ON OR BEFORE its date (as-of lookup, like the branch history).
A6: HKD | B6: 45660 | C6: 7.7886 | D6: =SUMIFS($C$2:$C$385,$A$2:$A$385,"HKD",$B$2:$B$385,B6)/C6 | F6: Key = currency_code + rate_date. The feed only appends new days; existing rows are never edited.
A7: CNY | B7: 45660 | C7: 7.297 | D7: =SUMIFS($C$2:$C$385,$A$2:$A$385,"HKD",$B$2:$B$385,B7)/C7
A8: USD | B8: 45663 | C8: 1 | D8: =SUMIFS($C$2:$C$385,$A$2:$A$385,"HKD",$B$2:$B$385,B8)/C8
A9: HKD | B9: 45663 | C9: 7.7807 | D9: =SUMIFS($C$2:$C$385,$A$2:$A$385,"HKD",$B$2:$B$385,B9)/C9
A10: CNY | B10: 45663 | C10: 7.2955 | D10: =SUMIFS($C$2:$C$385,$A$2:$A$385,"HKD",$B$2:$B$385,B10)/C10
A11: USD | B11: 45664 | C11: 1 | D11: =SUMIFS($C$2:$C$385,$A$2:$A$385,"HKD",$B$2:$B$385,B11)/C11
A12: HKD | B12: 45664 | C12: 7.7835 | D12: =SUMIFS($C$2:$C$385,$A$2:$A$385,"HKD",$B$2:$B$385,B12)/C12
A13: CNY | B13: 45664 | C13: 7.308 | D13: =SUMIFS($C$2:$C$385,$A$2:$A$385,"HKD",$B$2:$B$385,B13)/C13
A14: USD | B14: 45665 | C14: 1 | D14: =SUMIFS($C$2:$C$385,$A$2:$A$385,"HKD",$B$2:$B$385,B14)/C14
A15: HKD | B15: 45665 | C15: 7.7762 | D15: =SUMIFS($C$2:$C$385,$A$2:$A$385,"HKD",$B$2:$B$385,B15)/C15
A16: CNY | B16: 45665 | C16: 7.2918 | D16: =SUMIFS($C$2:$C$385,$A$2:$A$385,"HKD",$B$2:$B$385,B16)/C16
A17: USD | B17: 45666 | C17: 1 | D17: =SUMIFS($C$2:$C$385,$A$2:$A$385,"HKD",$B$2:$B$385,B17)/C17
A18: HKD | B18: 45666 | C18: 7.7805 | D18: =SUMIFS($C$2:$C$385,$A$2:$A$385,"HKD",$B$2:$B$385,B18)/C18
... A385: CNY | B385: 45838 | C385: 7.2083 | D385: =SUMIFS($C$2:$C$385,$A$2:$A$385,"HKD",$B$2:$B$385,B385)/C385

Sheet 11_3nf_sales_person
A1: sales_person_id (PK) | B1: sales_person_name
A2: E101 | B2: Alice Chan
A3: E102 | B3: Brian Lau
A4: E103 | B4: Cindy Ng
A5: E104 | B5: Derek Yip
A6: E105 | B6: Grace Ho
A7: E106 | B7: Henry Lam
A8: E107 | B8: Frank Wu
A9: E108 | B9: Michael Chan
A10: E109 | B10: Michael Chan
A11: E110 | B11: Irene Kwok
A12: E111 | B12: Kelvin Lee
A14: One row per salesperson. The ID is the key; the name is only an attribute (two different people are both called 'Michael Chan': E108 and E109).
A15: The selling log holds only the ID a salesperson types when they sign the sale. Names are looked up from here.
A16: Mistyped IDs go to 12_sales_person_confirmation; once confirmed, the sale counts for the confirmed person.

Sheet 12_sales_person_confirmation
A1: txn_id (PK) | B1: txn_date | C1: branch_code | D1: typed_id | E1: action | F1: confirmed_id | G1: confirmed_by | H1: confirmed_date | I1: status | J1: confirmed_name
A2: T00025 | B2: =INDEX('2_enriched_log'!$L:$L,MATCH(A2,'2_enriched_log'!$A:$A,0)) | C2: =INDEX('2_enriched_log'!$C:$C,MATCH(A2,'2_enriched_log'!$A:$A,0)) | D2: =INDEX('2_enriched_log'!$J:$J,MATCH(A2,'2_enriched_log'!$A:$A,0)) | E2: Corrected | F2: E104 | G2: Ops team | H2: 45673 | I2: =IF(E2="","PENDING",IF(OR(F2="",G2="",H2=""),"INCOMPLETE",IF(ISNA(MATCH(F2,'11_3nf_sales_person'!$A:$A,0)),"INVALID ID","CONFIRMED"))) | J2: =IF(I2="CONFIRMED",INDEX('11_3nf_sales_person'!$B:$B,MATCH(F2,'11_3nf_sales_person'!$A:$A,0)),"") | L2: Workflow for salesperson IDs that don't exist (mistyped). One row per flagged sale, keyed by txn_id.
A3: T00036 | B3: =INDEX('2_enriched_log'!$L:$L,MATCH(A3,'2_enriched_log'!$A:$A,0)) | C3: =INDEX('2_enriched_log'!$C:$C,MATCH(A3,'2_enriched_log'!$A:$A,0)) | D3: =INDEX('2_enriched_log'!$J:$J,MATCH(A3,'2_enriched_log'!$A:$A,0)) | E3: Acknowledged | F3: E103 | G3: E103 | H3: 45676 | I3: =IF(E3="","PENDING",IF(OR(F3="",G3="",H3=""),"INCOMPLETE",IF(ISNA(MATCH(F3,'11_3nf_sales_person'!$A:$A,0)),"INVALID ID","CONFIRMED"))) | J3: =IF(I3="CONFIRMED",INDEX('11_3nf_sales_person'!$B:$B,MATCH(F3,'11_3nf_sales_person'!$A:$A,0)),"") | L3: Grey columns are pulled automatically from the log. A person fills the blue columns:
A4: T00046 | B4: =INDEX('2_enriched_log'!$L:$L,MATCH(A4,'2_enriched_log'!$A:$A,0)) | C4: =INDEX('2_enriched_log'!$C:$C,MATCH(A4,'2_enriched_log'!$A:$A,0)) | D4: =INDEX('2_enriched_log'!$J:$J,MATCH(A4,'2_enriched_log'!$A:$A,0)) | E4: Corrected | F4: E103 | G4: Ops team | H4: 45683 | I4: =IF(E4="","PENDING",IF(OR(F4="",G4="",H4=""),"INCOMPLETE",IF(ISNA(MATCH(F4,'11_3nf_sales_person'!$A:$A,0)),"INVALID ID","CONFIRMED"))) | J4: =IF(I4="CONFIRMED",INDEX('11_3nf_sales_person'!$B:$B,MATCH(F4,'11_3nf_sales_person'!$A:$A,0)),"") | L4: Acknowledged = the salesperson confirms the sale was theirs and gives their correct ID (confirmed_by = their ID).
A5: T00056 | B5: =INDEX('2_enriched_log'!$L:$L,MATCH(A5,'2_enriched_log'!$A:$A,0)) | C5: =INDEX('2_enriched_log'!$C:$C,MATCH(A5,'2_enriched_log'!$A:$A,0)) | D5: =INDEX('2_enriched_log'!$J:$J,MATCH(A5,'2_enriched_log'!$A:$A,0)) | E5: Acknowledged | F5: E104 | G5: E104 | H5: 45682 | I5: =IF(E5="","PENDING",IF(OR(F5="",G5="",H5=""),"INCOMPLETE",IF(ISNA(MATCH(F5,'11_3nf_sales_person'!$A:$A,0)),"INVALID ID","CONFIRMED"))) | J5: =IF(I5="CONFIRMED",INDEX('11_3nf_sales_person'!$B:$B,MATCH(F5,'11_3nf_sales_person'!$A:$A,0)),"") | L5: Corrected = the operations team checks the sale and assigns the right salesperson (confirmed_by = Ops team).
A6: T00058 | B6: =INDEX('2_enriched_log'!$L:$L,MATCH(A6,'2_enriched_log'!$A:$A,0)) | C6: =INDEX('2_enriched_log'!$C:$C,MATCH(A6,'2_enriched_log'!$A:$A,0)) | D6: =INDEX('2_enriched_log'!$J:$J,MATCH(A6,'2_enriched_log'!$A:$A,0)) | E6: Acknowledged | F6: E103 | G6: E103 | H6: 45683 | I6: =IF(E6="","PENDING",IF(OR(F6="",G6="",H6=""),"INCOMPLETE",IF(ISNA(MATCH(F6,'11_3nf_sales_person'!$A:$A,0)),"INVALID ID","CONFIRMED"))) | J6: =IF(I6="CONFIRMED",INDEX('11_3nf_sales_person'!$B:$B,MATCH(F6,'11_3nf_sales_person'!$A:$A,0)),"") | L6: Until action, confirmed_id, confirmed_by and confirmed_date are all filled with a valid ID, the sale stays PENDING and has no salesperson in 2_enriched_log.
A7: T00146 | B7: =INDEX('2_enriched_log'!$L:$L,MATCH(A7,'2_enriched_log'!$A:$A,0)) | C7: =INDEX('2_enriched_log'!$C:$C,MATCH(A7,'2_enriched_log'!$A:$A,0)) | D7: =INDEX('2_enriched_log'!$J:$J,MATCH(A7,'2_enriched_log'!$A:$A,0)) | E7: Acknowledged | F7: E103 | G7: E103 | H7: 45710 | I7: =IF(E7="","PENDING",IF(OR(F7="",G7="",H7=""),"INCOMPLETE",IF(ISNA(MATCH(F7,'11_3nf_sales_person'!$A:$A,0)),"INVALID ID","CONFIRMED"))) | J7: =IF(I7="CONFIRMED",INDEX('11_3nf_sales_person'!$B:$B,MATCH(F7,'11_3nf_sales_person'!$A:$A,0)),"") | L7: Never guessed: e.g. 'E11' could be E101 or E111, so T00165 and T00283 wait for a person.
A8: T00165 | B8: =INDEX('2_enriched_log'!$L:$L,MATCH(A8,'2_enriched_log'!$A:$A,0)) | C8: =INDEX('2_enriched_log'!$C:$C,MATCH(A8,'2_enriched_log'!$A:$A,0)) | D8: =INDEX('2_enriched_log'!$J:$J,MATCH(A8,'2_enriched_log'!$A:$A,0)) | I8: =IF(E8="","PENDING",IF(OR(F8="",G8="",H8=""),"INCOMPLETE",IF(ISNA(MATCH(F8,'11_3nf_sales_person'!$A:$A,0)),"INVALID ID","CONFIRMED"))) | J8: =IF(I8="CONFIRMED",INDEX('11_3nf_sales_person'!$B:$B,MATCH(F8,'11_3nf_sales_person'!$A:$A,0)),"")
A9: T00245 | B9: =INDEX('2_enriched_log'!$L:$L,MATCH(A9,'2_enriched_log'!$A:$A,0)) | C9: =INDEX('2_enriched_log'!$C:$C,MATCH(A9,'2_enriched_log'!$A:$A,0)) | D9: =INDEX('2_enriched_log'!$J:$J,MATCH(A9,'2_enriched_log'!$A:$A,0)) | E9: Acknowledged | F9: E103 | G9: E103 | H9: 45745 | I9: =IF(E9="","PENDING",IF(OR(F9="",G9="",H9=""),"INCOMPLETE",IF(ISNA(MATCH(F9,'11_3nf_sales_person'!$A:$A,0)),"INVALID ID","CONFIRMED"))) | J9: =IF(I9="CONFIRMED",INDEX('11_3nf_sales_person'!$B:$B,MATCH(F9,'11_3nf_sales_person'!$A:$A,0)),"")
A10: T00275 | B10: =INDEX('2_enriched_log'!$L:$L,MATCH(A10,'2_enriched_log'!$A:$A,0)) | C10: =INDEX('2_enriched_log'!$C:$C,MATCH(A10,'2_enriched_log'!$A:$A,0)) | D10: =INDEX('2_enriched_log'!$J:$J,MATCH(A10,'2_enriched_log'!$A:$A,0)) | E10: Acknowledged | F10: E105 | G10: E105 | H10: 45757 | I10: =IF(E10="","PENDING",IF(OR(F10="",G10="",H10=""),"INCOMPLETE",IF(ISNA(MATCH(F10,'11_3nf_sales_person'!$A:$A,0)),"INVALID ID","CONFIRMED"))) | J10: =IF(I10="CONFIRMED",INDEX('11_3nf_sales_person'!$B:$B,MATCH(F10,'11_3nf_sales_person'!$A:$A,0)),"")
A11: T00278 | B11: =INDEX('2_enriched_log'!$L:$L,MATCH(A11,'2_enriched_log'!$A:$A,0)) | C11: =INDEX('2_enriched_log'!$C:$C,MATCH(A11,'2_enriched_log'!$A:$A,0)) | D11: =INDEX('2_enriched_log'!$J:$J,MATCH(A11,'2_enriched_log'!$A:$A,0)) | E11: Acknowledged | F11: E110 | G11: E110 | H11: 45757 | I11: =IF(E11="","PENDING",IF(OR(F11="",G11="",H11=""),"INCOMPLETE",IF(ISNA(MATCH(F11,'11_3nf_sales_person'!$A:$A,0)),"INVALID ID","CONFIRMED"))) | J11: =IF(I11="CONFIRMED",INDEX('11_3nf_sales_person'!$B:$B,MATCH(F11,'11_3nf_sales_person'!$A:$A,0)),"")
A12: T00283 | B12: =INDEX('2_enriched_log'!$L:$L,MATCH(A12,'2_enriched_log'!$A:$A,0)) | C12: =INDEX('2_enriched_log'!$C:$C,MATCH(A12,'2_enriched_log'!$A:$A,0)) | D12: =INDEX('2_enriched_log'!$J:$J,MATCH(A12,'2_enriched_log'!$A:$A,0)) | I12: =IF(E12="","PENDING",IF(OR(F12="",G12="",H12=""),"INCOMPLETE",IF(ISNA(MATCH(F12,'11_3nf_sales_person'!$A:$A,0)),"INVALID ID","CONFIRMED"))) | J12: =IF(I12="CONFIRMED",INDEX('11_3nf_sales_person'!$B:$B,MATCH(F12,'11_3nf_sales_person'!$A:$A,0)),"")
A13: T00330 | B13: =INDEX('2_enriched_log'!$L:$L,MATCH(A13,'2_enriched_log'!$A:$A,0)) | C13: =INDEX('2_enriched_log'!$C:$C,MATCH(A13,'2_enriched_log'!$A:$A,0)) | D13: =INDEX('2_enriched_log'!$J:$J,MATCH(A13,'2_enriched_log'!$A:$A,0)) | I13: =IF(E13="","PENDING",IF(OR(F13="",G13="",H13=""),"INCOMPLETE",IF(ISNA(MATCH(F13,'11_3nf_sales_person'!$A:$A,0)),"INVALID ID","CONFIRMED"))) | J13: =IF(I13="CONFIRMED",INDEX('11_3nf_sales_person'!$B:$B,MATCH(F13,'11_3nf_sales_person'!$A:$A,0)),"")
A14: T00360 | B14: =INDEX('2_enriched_log'!$L:$L,MATCH(A14,'2_enriched_log'!$A:$A,0)) | C14: =INDEX('2_enriched_log'!$C:$C,MATCH(A14,'2_enriched_log'!$A:$A,0)) | D14: =INDEX('2_enriched_log'!$J:$J,MATCH(A14,'2_enriched_log'!$A:$A,0)) | I14: =IF(E14="","PENDING",IF(OR(F14="",G14="",H14=""),"INCOMPLETE",IF(ISNA(MATCH(F14,'11_3nf_sales_person'!$A:$A,0)),"INVALID ID","CONFIRMED"))) | J14: =IF(I14="CONFIRMED",INDEX('11_3nf_sales_person'!$B:$B,MATCH(F14,'11_3nf_sales_person'!$A:$A,0)),"")
A15: T00377 | B15: =INDEX('2_enriched_log'!$L:$L,MATCH(A15,'2_enriched_log'!$A:$A,0)) | C15: =INDEX('2_enriched_log'!$C:$C,MATCH(A15,'2_enriched_log'!$A:$A,0)) | D15: =INDEX('2_enriched_log'!$J:$J,MATCH(A15,'2_enriched_log'!$A:$A,0)) | E15: Corrected | F15: E101 | G15: Ops team | H15: 45803 | I15: =IF(E15="","PENDING",IF(OR(F15="",G15="",H15=""),"INCOMPLETE",IF(ISNA(MATCH(F15,'11_3nf_sales_person'!$A:$A,0)),"INVALID ID","CONFIRMED"))) | J15: =IF(I15="CONFIRMED",INDEX('11_3nf_sales_person'!$B:$B,MATCH(F15,'11_3nf_sales_person'!$A:$A,0)),"")

Sheet 13_checks
A1: area | B1: check | C1: violations | D1: result
A2: Raw log | B2: txn_id is unique (duplicate rows) | C2: =SUMPRODUCT(--('1_raw_log'!A2:A5000<>""))-SUMPRODUCT(('1_raw_log'!A2:A5000<>"")/COUNTIF('1_raw_log'!A2:A5000,'1_raw_log'!A2:A5000&"")) | D2: =IF(C2=0,"PASS","FAIL")
A3: Raw log | B3: txn_id format is T + 5 digits | C3: =SUMPRODUCT(('1_raw_log'!A2:A5000<>"")*((LEN('1_raw_log'!A2:A5000)<>6)+(LEFT('1_raw_log'!A2:A5000,1)<>"T")>0)) | D3: =IF(C3=0,"PASS","FAIL")
A4: Enriched log | B4: every raw row appears in the enriched log | C4: =ABS(COUNTA('2_enriched_log'!A:A)-COUNTA('1_raw_log'!A:A)) | D4: =IF(C4=0,"PASS","FAIL")
A5: Date / time | B5: every sale date exists in 3_ref_date | C5: =COUNTIF('2_enriched_log'!$N:$N,"NOT FOUND") | D5: =IF(C5=0,"PASS","FAIL")
A6: Date / time | B6: every sale time exists in 4_ref_time | C6: =COUNTIF('2_enriched_log'!$S:$S,"NOT FOUND") | D6: =IF(C6=0,"PASS","FAIL")
A7: Branch | B7: every sale finds its branch version on the sale date | C7: =COUNTIF('2_enriched_log'!$U:$U,"NOT FOUND") | D7: =IF(C7=0,"PASS","FAIL")
A8: Branch | B8: no sale is booked to a branch that was closed on the sale date | C8: =COUNTIF('2_enriched_log'!$X:$X,"Closed") | D8: =IF(C8=0,"PASS","FAIL")
A9: Branch | B9: branch history: no duplicate keys (code + effective_date) | C9: =SUMPRODUCT(('6_3nf_branch_history'!$A$2:$A$50<>"")*ISNUMBER('6_3nf_branch_history'!$B$2:$B$50)*(COUNTIFS('6_3nf_branch_history'!$A$2:$A$50,'6_3nf_branch_history'!$A$2:$A$50,'6_3nf_branch_history'!$B$2:$B$50,'6_3nf_branch_history'!$B$2:$B$50)>1)) | D9: =IF(C9=0,"PASS","FAIL")
A10: Branch | B10: branch history: every code exists in 5_branch | C10: =SUMPRODUCT(ISNUMBER('6_3nf_branch_history'!$B$2:$B$50)*ISNA(MATCH('6_3nf_branch_history'!$A$2:$A$50,'5_branch'!$A:$A,0))) | D10: =IF(C10=0,"PASS","FAIL")
A11: Branch | B11: closed versions name a successor branch that exists | C11: =SUMPRODUCT(('6_3nf_branch_history'!$E$2:$E$50="Closed")*ISNA(MATCH('6_3nf_branch_history'!$F$2:$F$50,'5_branch'!$A:$A,0))) | D11: =IF(C11=0,"PASS","FAIL")
A12: Product | B12: every sale finds its product | C12: =COUNTIF('2_enriched_log'!$Z:$Z,"NOT FOUND") | D12: =IF(C12=0,"PASS","FAIL")
A13: Customer | B13: every cust_id in the log rectifies to 10 digits | C13: =COUNTIF('2_enriched_log'!$AD:$AD,"CHECK") | D13: =IF(C13=0,"PASS","FAIL")
A14: Customer | B14: every customer master ID rectifies to 10 digits | C14: =COUNTIF('8_3nf_customer'!$B:$B,"CHECK") | D14: =IF(C14=0,"PASS","FAIL")
A15: Customer | B15: customer master: no duplicate rectified IDs | C15: =SUMPRODUCT(('8_3nf_customer'!$B$2:$B$500<>"")*(COUNTIF('8_3nf_customer'!$B$2:$B$500,'8_3nf_customer'!$B$2:$B$500&"")>1)) | D15: =IF(C15=0,"PASS","FAIL")
A16: Customer | B16: every sale finds its customer | C16: =COUNTIF('2_enriched_log'!$AE:$AE,"NOT FOUND") | D16: =IF(C16=0,"PASS","FAIL")
A17: Customer | B17: every sale finds its segment / risk version | C17: =COUNTIF('2_enriched_log'!$AI:$AI,"NOT FOUND") | D17: =IF(C17=0,"PASS","FAIL")
A18: Customer | B18: customer history: no duplicate keys (id + effective_date) | C18: =SUMPRODUCT(('9_3nf_customer_history'!$A$2:$A$500<>"")*ISNUMBER('9_3nf_customer_history'!$B$2:$B$500)*(COUNTIFS('9_3nf_customer_history'!$A$2:$A$500,'9_3nf_customer_history'!$A$2:$A$500,'9_3nf_customer_history'!$B$2:$B$500,'9_3nf_customer_history'!$B$2:$B$500)>1)) | D18: =IF(C18=0,"PASS","FAIL")
A19: Customer | B19: customer history: every ID exists in 8_3nf_customer | C19: =SUMPRODUCT(ISNUMBER('9_3nf_customer_history'!$B$2:$B$500)*ISNA(MATCH('9_3nf_customer_history'!$A$2:$A$500,'8_3nf_customer'!$B:$B,0))) | D19: =IF(C19=0,"PASS","FAIL")
A20: Customer | B20: customers are 18+ at onboarding | C20: =SUMPRODUCT(ISNUMBER('9_3nf_customer_history'!$B$2:$B$500)*('9_3nf_customer_history'!$B$2:$B$500=_xlfn.MINIFS('9_3nf_customer_history'!$B$2:$B$500,'9_3nf_customer_history'!$A$2:$A$500,'9_3nf_customer_history'!$A$2:$A$500))*(IFERROR(DATEDIF(SUMIFS('8_3nf_customer'!$D:$D,'8_3nf_customer'!$B:$B,'9_3nf_customer_history'!$A$2:$A$500),'9_3nf_customer_history'!$B$2:$B$500,"y"),0)<18)) | D20: =IF(C20=0,"PASS","FAIL")
A21: FX | B21: every sale finds a rate on or before its date | C21: =COUNTIF('2_enriched_log'!$AM:$AM,"NOT FOUND") | D21: =IF(C21=0,"PASS","FAIL")
A22: FX | B22: FX table: no duplicate keys (currency + rate_date) | C22: =SUMPRODUCT(('10_ref_fx_rate'!$A$2:$A$2000<>"")*ISNUMBER('10_ref_fx_rate'!$B$2:$B$2000)*(COUNTIFS('10_ref_fx_rate'!$A$2:$A$2000,'10_ref_fx_rate'!$A$2:$A$2000,'10_ref_fx_rate'!$B$2:$B$2000,'10_ref_fx_rate'!$B$2:$B$2000)>1)) | D22: =IF(C22=0,"PASS","FAIL")
A23: Salesperson | B23: every mistyped ID is logged for confirmation | C23: =COUNTIF('2_enriched_log'!$AQ:$AQ,"CONFIRM (not logged)") | D23: =IF(C23=0,"PASS","FAIL")
A24: Salesperson | B24: confirmation rows are complete with a valid ID (when actioned) | C24: =COUNTIF('12_sales_person_confirmation'!$I:$I,"INCOMPLETE")+COUNTIF('12_sales_person_confirmation'!$I:$I,"INVALID ID") | D24: =IF(C24=0,"PASS","FAIL")
A25: Capacity | B25: 3_ref_date calendar reaches the latest sale (400 days prepared) | C25: =IF(MAX('3_ref_date'!A2:A401)>=INT(MAX('1_raw_log'!B:B)),0,1) | D25: =IF(C25=0,"PASS","FAIL")
A26: Capacity | B26: 6_3nf_branch_history within formula range (49 rows) | C26: =MAX(0,COUNT('6_3nf_branch_history'!B:B)-49) | D26: =IF(C26=0,"PASS","FAIL")
A27: Capacity | B27: 9_3nf_customer_history within formula range (499 rows) | C27: =MAX(0,COUNT('9_3nf_customer_history'!B:B)-499) | D27: =IF(C27=0,"PASS","FAIL")
A28: Capacity | B28: 10_ref_fx_rate within formula range (1,999 rows) | C28: =MAX(0,COUNT('10_ref_fx_rate'!B:B)-1999) | D28: =IF(C28=0,"PASS","FAIL")
A29: Salesperson | B29: sales still waiting for confirmation (expected work) | C29: =COUNTIF('2_enriched_log'!$AQ:$AQ,"PENDING CONFIRM") | D29: =IF(C29=0,"PASS","INFO")
B31: Overall (INFO rows are expected work, not errors) | D31: =IF(COUNTIF(D2:D29,"FAIL")=0,"ALL PASS","FAIL")
A33: All data-quality checks live here, not in the tables: the tables describe their entities, the checks describe the data flowing through them.
A34: Every check re-runs as the log grows. violations = number of rows breaking the rule.
A35: Capacity rows: Excel formulas look at fixed ranges (e.g. branch history rows 2-50). If a table outgrows its range, that check fails and the ranges must be extended. The SQL version has no such limit.

Sheet 14_report
A1: Retail sales report, Jan–Jun 2025
A2: Rules used in every chart: Completed sales only · amounts in HKD millions (converted with the daily FX rate) · customer segment as at the time of sale ·
A3: branches grouped by branch_code and shown with today's name (closed branches marked) · source: 2_enriched_log · refresh only when 13_checks shows ALL PASS.
A5: 1. Is the business growing? Net sales by month (HKD m)
A6: month | B6: net sales
A7: Jan | B7: =SUMIFS('2_enriched_log'!$AO:$AO,'2_enriched_log'!$K:$K,"Completed",'2_enriched_log'!$P:$P,1)/1000000
A8: Feb | B8: =SUMIFS('2_enriched_log'!$AO:$AO,'2_enriched_log'!$K:$K,"Completed",'2_enriched_log'!$P:$P,2)/1000000
A9: Mar | B9: =SUMIFS('2_enriched_log'!$AO:$AO,'2_enriched_log'!$K:$K,"Completed",'2_enriched_log'!$P:$P,3)/1000000
A10: Apr | B10: =SUMIFS('2_enriched_log'!$AO:$AO,'2_enriched_log'!$K:$K,"Completed",'2_enriched_log'!$P:$P,4)/1000000
A11: May | B11: =SUMIFS('2_enriched_log'!$AO:$AO,'2_enriched_log'!$K:$K,"Completed",'2_enriched_log'!$P:$P,5)/1000000
A12: Jun | B12: =SUMIFS('2_enriched_log'!$AO:$AO,'2_enriched_log'!$K:$K,"Completed",'2_enriched_log'!$P:$P,6)/1000000
A14: 2. What sells? Net sales by product category and quarter (HKD m)
A15: product_category | B15: Q1 | C15: Q2
A16: Mutual Fund | B16: =SUMIFS('2_enriched_log'!$AO:$AO,'2_enriched_log'!$K:$K,"Completed",'2_enriched_log'!$AA:$AA,$A16,'2_enriched_log'!$O:$O,"Q1")/1000000 | C16: =SUMIFS('2_enriched_log'!$AO:$AO,'2_enriched_log'!$K:$K,"Completed",'2_enriched_log'!$AA:$AA,$A16,'2_enriched_log'!$O:$O,"Q2")/1000000
A17: Insurance | B17: =SUMIFS('2_enriched_log'!$AO:$AO,'2_enriched_log'!$K:$K,"Completed",'2_enriched_log'!$AA:$AA,$A17,'2_enriched_log'!$O:$O,"Q1")/1000000 | C17: =SUMIFS('2_enriched_log'!$AO:$AO,'2_enriched_log'!$K:$K,"Completed",'2_enriched_log'!$AA:$AA,$A17,'2_enriched_log'!$O:$O,"Q2")/1000000
A18: Structured Product | B18: =SUMIFS('2_enriched_log'!$AO:$AO,'2_enriched_log'!$K:$K,"Completed",'2_enriched_log'!$AA:$AA,$A18,'2_enriched_log'!$O:$O,"Q1")/1000000 | C18: =SUMIFS('2_enriched_log'!$AO:$AO,'2_enriched_log'!$K:$K,"Completed",'2_enriched_log'!$AA:$AA,$A18,'2_enriched_log'!$O:$O,"Q2")/1000000
A19: Deposit | B19: =SUMIFS('2_enriched_log'!$AO:$AO,'2_enriched_log'!$K:$K,"Completed",'2_enriched_log'!$AA:$AA,$A19,'2_enriched_log'!$O:$O,"Q1")/1000000 | C19: =SUMIFS('2_enriched_log'!$AO:$AO,'2_enriched_log'!$K:$K,"Completed",'2_enriched_log'!$AA:$AA,$A19,'2_enriched_log'!$O:$O,"Q2")/1000000
A20: Bond | B20: =SUMIFS('2_enriched_log'!$AO:$AO,'2_enriched_log'!$K:$K,"Completed",'2_enriched_log'!$AA:$AA,$A20,'2_enriched_log'!$O:$O,"Q1")/1000000 | C20: =SUMIFS('2_enriched_log'!$AO:$AO,'2_enriched_log'!$K:$K,"Completed",'2_enriched_log'!$AA:$AA,$A20,'2_enriched_log'!$O:$O,"Q2")/1000000
A22: 3. When do customers buy on their own? Completed sales by time of day (count)
A23: day_part | B23: RM-assisted | C23: Self-directed
A24: Morning | B24: =COUNTIFS('2_enriched_log'!$K:$K,"Completed",'2_enriched_log'!$S:$S,"Morning",'2_enriched_log'!$AQ:$AQ,"<>SELF-DIRECTED") | C24: =COUNTIFS('2_enriched_log'!$K:$K,"Completed",'2_enriched_log'!$S:$S,"Morning",'2_enriched_log'!$AQ:$AQ,"SELF-DIRECTED")
A25: Afternoon | B25: =COUNTIFS('2_enriched_log'!$K:$K,"Completed",'2_enriched_log'!$S:$S,"Afternoon",'2_enriched_log'!$AQ:$AQ,"<>SELF-DIRECTED") | C25: =COUNTIFS('2_enriched_log'!$K:$K,"Completed",'2_enriched_log'!$S:$S,"Afternoon",'2_enriched_log'!$AQ:$AQ,"SELF-DIRECTED")
A26: Evening | B26: =COUNTIFS('2_enriched_log'!$K:$K,"Completed",'2_enriched_log'!$S:$S,"Evening",'2_enriched_log'!$AQ:$AQ,"<>SELF-DIRECTED") | C26: =COUNTIFS('2_enriched_log'!$K:$K,"Completed",'2_enriched_log'!$S:$S,"Evening",'2_enriched_log'!$AQ:$AQ,"SELF-DIRECTED")
A27: Night | B27: =COUNTIFS('2_enriched_log'!$K:$K,"Completed",'2_enriched_log'!$S:$S,"Night",'2_enriched_log'!$AQ:$AQ,"<>SELF-DIRECTED") | C27: =COUNTIFS('2_enriched_log'!$K:$K,"Completed",'2_enriched_log'!$S:$S,"Night",'2_enriched_log'!$AQ:$AQ,"SELF-DIRECTED")
A29: 4. Who buys? Net sales by customer segment at time of sale (HKD m)
A30: cust_segment | B30: net sales
A31: Mass | B31: =SUMIFS('2_enriched_log'!$AO:$AO,'2_enriched_log'!$K:$K,"Completed",'2_enriched_log'!$AJ:$AJ,"Mass")/1000000
A32: Affluent | B32: =SUMIFS('2_enriched_log'!$AO:$AO,'2_enriched_log'!$K:$K,"Completed",'2_enriched_log'!$AJ:$AJ,"Affluent")/1000000
A33: Private | B33: =SUMIFS('2_enriched_log'!$AO:$AO,'2_enriched_log'!$K:$K,"Completed",'2_enriched_log'!$AJ:$AJ,"Private")/1000000
A35: 5. Where? Net sales by branch (HKD m)
A36: branch | B36: net sales
A37: ='5_branch'!B2&IF('5_branch'!D2="Closed"," (closed)","") | B37: =SUMIFS('2_enriched_log'!$AO:$AO,'2_enriched_log'!$K:$K,"Completed",'2_enriched_log'!$T:$T,"B01")/1000000
A38: ='5_branch'!B3&IF('5_branch'!D3="Closed"," (closed)","") | B38: =SUMIFS('2_enriched_log'!$AO:$AO,'2_enriched_log'!$K:$K,"Completed",'2_enriched_log'!$T:$T,"B02")/1000000
A39: ='5_branch'!B4&IF('5_branch'!D4="Closed"," (closed)","") | B39: =SUMIFS('2_enriched_log'!$AO:$AO,'2_enriched_log'!$K:$K,"Completed",'2_enriched_log'!$T:$T,"B03")/1000000
A40: ='5_branch'!B5&IF('5_branch'!D5="Closed"," (closed)","") | B40: =SUMIFS('2_enriched_log'!$AO:$AO,'2_enriched_log'!$K:$K,"Completed",'2_enriched_log'!$T:$T,"B04")/1000000
A41: ='5_branch'!B6&IF('5_branch'!D6="Closed"," (closed)","") | B41: =SUMIFS('2_enriched_log'!$AO:$AO,'2_enriched_log'!$K:$K,"Completed",'2_enriched_log'!$T:$T,"B05")/1000000
A43: 6. Suitability: completed sales of a product riskier than the customer's risk profile at the time
A44: sales flagged | B44: =COUNTIFS('2_enriched_log'!$K:$K,"Completed",'2_enriched_log'!$AB:$AB,"R2",'2_enriched_log'!$AK:$AK,"R1")+COUNTIFS('2_enriched_log'!$K:$K,"Completed",'2_enriched_log'!$AB:$AB,"R3",'2_enriched_log'!$AK:$AK,"R1")+COUNTIFS('2_enriched_log'!$K:$K,"Completed",'2_enriched_log'!$AB:$AB,"R3",'2_enriched_log'!$AK:$AK,"R2")+COUNTIFS('2_enriched_log'!$K:$K,"Completed",'2_enriched_log'!$AB:$AB,"R4",'2_enriched_log'!$AK:$AK,"R1")+COUNTIFS('2_enriched_log'!$K:$K,"Completed",'2_enriched_log'!$AB:$AB,"R4",'2_enriched_log'!$AK:$AK,"R2")+COUNTIFS('2_enriched_log'!$K:$K,"Completed",'2_enriched_log'!$AB:$AB,"R4",'2_enriched_log'!$AK:$AK,"R3")+COUNTIFS('2_enriched_log'!$K:$K,"Completed",'2_enriched_log'!$AB:$AB,"R5",'2_enriched_log'!$AK:$AK,"R1")+COUNTIFS('2_enriched_log'!$K:$K,"Completed",'2_enriched_log'!$AB:$AB,"R5",'2_enriched_log'!$AK:$AK,"R2")+COUNTIFS('2_enriched_log'!$K:$K,"Completed",'2_enriched_log'!$AB:$AB,"R5",'2_enriched_log'!$AK:$AK,"R3")+COUNTIFS('2_enriched_log'!$K:$K,"Completed",'2_enriched_log'!$AB:$AB,"R5",'2_enriched_log'!$AK:$AK,"R4")
A45: share of completed sales | B45: =B44/COUNTIFS('2_enriched_log'!$K:$K,"Completed")
A46: Shown as a number, not a chart: one headline figure needs no axis.
A48: Control total
A49: sum of chart 1 (HKD m) | B49: =SUM(B7:B12)
A50: completed sales in 2_enriched_log (HKD m) | B50: =SUMIFS('2_enriched_log'!$AO:$AO,'2_enriched_log'!$K:$K,"Completed")/1000000
A51: result | B51: =IF(ABS(B49-B50)<0.001,"PASS","FAIL")

Sheet notes
A1: Bank Retail Sales – Mock Database (Excel version)
A2: A mock rebuild of a retail wealth-sales database: raw selling log → enriched log → reference / 3NF tables → data-quality checks. All names, IDs, rates and amounts are fictional.
A4: Sheets
A5: 1_raw_log – the landing layer: 500 sales (2 Jan – 30 Jun 2025) exactly as captured. Never edited. Only facts of the sale and foreign keys (branch_code, product_code, cust_id, sales_person_id).
A6: 2_enriched_log – a live copy of the raw log (gold) plus looked-up columns: date/time, branch (as of sale date), product, customer (as of sale date), FX and HKD amount, salesperson. Cleaned keys end in _std.
A7: 3_ref_date / 4_ref_time – date and time-of-day references; every date/time attribute is defined once here.
A8: 5_branch – current view of each branch (name, region, status, successor), calculated from 6_3nf_branch_history.
A9: 6_3nf_branch_history – append-only change log of branch name, region and status (renames, closures).
A10: 7_3nf_product – static product attributes.
A11: 8_3nf_customer – fixed customer facts, legacy vs rectified ID, and today's segment / risk profile.
A12: 9_3nf_customer_history – append-only change log of segment and risk profile (derived from AUM, authorised by the bank; kept only for customers in the sales log).
A13: 10_ref_fx_rate – daily FX rates (USDHKD, USDCNY) pulled from the Wind / Bloomberg API; mock values here.
... A36: • channel, campaign_code and status are system-generated (not typed by hand), so they have no reference tables yet.
